"","drift","index","example","drifter","event_type"
"1",FALSE,1,"WELL16_2","dfr_multi_criteria","5"
"2",FALSE,2,"WELL16_2","dfr_multi_criteria","5"
"3",FALSE,3,"WELL16_2","dfr_multi_criteria","5"
"4",FALSE,4,"WELL16_2","dfr_multi_criteria","5"
"5",FALSE,5,"WELL16_2","dfr_multi_criteria","5"
"6",FALSE,6,"WELL16_2","dfr_multi_criteria","5"
"7",FALSE,7,"WELL16_2","dfr_multi_criteria","5"
"8",FALSE,8,"WELL16_2","dfr_multi_criteria","5"
"9",FALSE,9,"WELL16_2","dfr_multi_criteria","5"
"10",FALSE,10,"WELL16_2","dfr_multi_criteria","5"
"11",FALSE,11,"WELL16_2","dfr_multi_criteria","5"
"12",FALSE,12,"WELL16_2","dfr_multi_criteria","5"
"13",FALSE,13,"WELL16_2","dfr_multi_criteria","5"
"14",FALSE,14,"WELL16_2","dfr_multi_criteria","5"
"15",FALSE,15,"WELL16_2","dfr_multi_criteria","5"
"16",FALSE,16,"WELL16_2","dfr_multi_criteria","5"
"17",FALSE,17,"WELL16_2","dfr_multi_criteria","5"
"18",FALSE,18,"WELL16_2","dfr_multi_criteria","5"
"19",FALSE,19,"WELL16_2","dfr_multi_criteria","5"
"20",FALSE,20,"WELL16_2","dfr_multi_criteria","5"
"21",FALSE,21,"WELL16_2","dfr_multi_criteria","5"
"22",FALSE,22,"WELL16_2","dfr_multi_criteria","5"
"23",FALSE,23,"WELL16_2","dfr_multi_criteria","5"
"24",FALSE,24,"WELL16_2","dfr_multi_criteria","5"
"25",FALSE,25,"WELL16_2","dfr_multi_criteria","5"
"26",FALSE,26,"WELL16_2","dfr_multi_criteria","5"
"27",FALSE,27,"WELL16_2","dfr_multi_criteria","5"
"28",FALSE,28,"WELL16_2","dfr_multi_criteria","5"
"29",FALSE,29,"WELL16_2","dfr_multi_criteria","5"
"30",FALSE,30,"WELL16_2","dfr_multi_criteria","5"
"31",FALSE,31,"WELL16_2","dfr_multi_criteria","5"
"32",FALSE,32,"WELL16_2","dfr_multi_criteria","5"
"33",FALSE,33,"WELL16_2","dfr_multi_criteria","5"
"34",FALSE,34,"WELL16_2","dfr_multi_criteria","5"
"35",FALSE,35,"WELL16_2","dfr_multi_criteria","5"
"36",FALSE,36,"WELL16_2","dfr_multi_criteria","5"
"37",FALSE,37,"WELL16_2","dfr_multi_criteria","5"
"38",FALSE,38,"WELL16_2","dfr_multi_criteria","5"
"39",FALSE,39,"WELL16_2","dfr_multi_criteria","5"
"40",FALSE,40,"WELL16_2","dfr_multi_criteria","5"
"41",FALSE,41,"WELL16_2","dfr_multi_criteria","5"
"42",FALSE,42,"WELL16_2","dfr_multi_criteria","5"
"43",FALSE,43,"WELL16_2","dfr_multi_criteria","5"
"44",FALSE,44,"WELL16_2","dfr_multi_criteria","5"
"45",FALSE,45,"WELL16_2","dfr_multi_criteria","5"
"46",FALSE,46,"WELL16_2","dfr_multi_criteria","5"
"47",FALSE,47,"WELL16_2","dfr_multi_criteria","5"
"48",FALSE,48,"WELL16_2","dfr_multi_criteria","5"
"49",FALSE,49,"WELL16_2","dfr_multi_criteria","5"
"50",FALSE,50,"WELL16_2","dfr_multi_criteria","5"
"51",FALSE,51,"WELL16_2","dfr_multi_criteria","5"
"52",FALSE,52,"WELL16_2","dfr_multi_criteria","5"
"53",FALSE,53,"WELL16_2","dfr_multi_criteria","5"
"54",FALSE,54,"WELL16_2","dfr_multi_criteria","5"
"55",FALSE,55,"WELL16_2","dfr_multi_criteria","5"
"56",FALSE,56,"WELL16_2","dfr_multi_criteria","5"
"57",FALSE,57,"WELL16_2","dfr_multi_criteria","5"
"58",FALSE,58,"WELL16_2","dfr_multi_criteria","5"
"59",FALSE,59,"WELL16_2","dfr_multi_criteria","5"
"60",FALSE,60,"WELL16_2","dfr_multi_criteria","5"
"61",FALSE,61,"WELL16_2","dfr_multi_criteria","5"
"62",FALSE,62,"WELL16_2","dfr_multi_criteria","5"
"63",FALSE,63,"WELL16_2","dfr_multi_criteria","5"
"64",FALSE,64,"WELL16_2","dfr_multi_criteria","5"
"65",FALSE,65,"WELL16_2","dfr_multi_criteria","5"
"66",FALSE,66,"WELL16_2","dfr_multi_criteria","5"
"67",FALSE,67,"WELL16_2","dfr_multi_criteria","5"
"68",FALSE,68,"WELL16_2","dfr_multi_criteria","5"
"69",FALSE,69,"WELL16_2","dfr_multi_criteria","5"
"70",FALSE,70,"WELL16_2","dfr_multi_criteria","5"
"71",FALSE,71,"WELL16_2","dfr_multi_criteria","5"
"72",FALSE,72,"WELL16_2","dfr_multi_criteria","5"
"73",FALSE,73,"WELL16_2","dfr_multi_criteria","5"
"74",FALSE,74,"WELL16_2","dfr_multi_criteria","5"
"75",FALSE,75,"WELL16_2","dfr_multi_criteria","5"
"76",FALSE,76,"WELL16_2","dfr_multi_criteria","5"
"77",FALSE,77,"WELL16_2","dfr_multi_criteria","5"
"78",FALSE,78,"WELL16_2","dfr_multi_criteria","5"
"79",FALSE,79,"WELL16_2","dfr_multi_criteria","5"
"80",FALSE,80,"WELL16_2","dfr_multi_criteria","5"
"81",FALSE,81,"WELL16_2","dfr_multi_criteria","5"
"82",FALSE,82,"WELL16_2","dfr_multi_criteria","5"
"83",FALSE,83,"WELL16_2","dfr_multi_criteria","5"
"84",FALSE,84,"WELL16_2","dfr_multi_criteria","5"
"85",FALSE,85,"WELL16_2","dfr_multi_criteria","5"
"86",FALSE,86,"WELL16_2","dfr_multi_criteria","5"
"87",FALSE,87,"WELL16_2","dfr_multi_criteria","5"
"88",FALSE,88,"WELL16_2","dfr_multi_criteria","5"
"89",FALSE,89,"WELL16_2","dfr_multi_criteria","5"
"90",FALSE,90,"WELL16_2","dfr_multi_criteria","5"
"91",FALSE,91,"WELL16_2","dfr_multi_criteria","5"
"92",FALSE,92,"WELL16_2","dfr_multi_criteria","5"
"93",FALSE,93,"WELL16_2","dfr_multi_criteria","5"
"94",FALSE,94,"WELL16_2","dfr_multi_criteria","5"
"95",FALSE,95,"WELL16_2","dfr_multi_criteria","5"
"96",FALSE,96,"WELL16_2","dfr_multi_criteria","5"
"97",FALSE,97,"WELL16_2","dfr_multi_criteria","5"
"98",FALSE,98,"WELL16_2","dfr_multi_criteria","5"
"99",FALSE,99,"WELL16_2","dfr_multi_criteria","5"
"100",FALSE,100,"WELL16_2","dfr_multi_criteria","5"
"101",FALSE,101,"WELL16_2","dfr_multi_criteria","5"
"102",FALSE,102,"WELL16_2","dfr_multi_criteria","5"
"103",FALSE,103,"WELL16_2","dfr_multi_criteria","5"
"104",FALSE,104,"WELL16_2","dfr_multi_criteria","5"
"105",FALSE,105,"WELL16_2","dfr_multi_criteria","5"
"106",FALSE,106,"WELL16_2","dfr_multi_criteria","5"
"107",FALSE,107,"WELL16_2","dfr_multi_criteria","5"
"108",FALSE,108,"WELL16_2","dfr_multi_criteria","5"
"109",FALSE,109,"WELL16_2","dfr_multi_criteria","5"
"110",FALSE,110,"WELL16_2","dfr_multi_criteria","5"
"111",FALSE,111,"WELL16_2","dfr_multi_criteria","5"
"112",FALSE,112,"WELL16_2","dfr_multi_criteria","5"
"113",FALSE,113,"WELL16_2","dfr_multi_criteria","5"
"114",FALSE,114,"WELL16_2","dfr_multi_criteria","5"
"115",FALSE,115,"WELL16_2","dfr_multi_criteria","5"
"116",FALSE,116,"WELL16_2","dfr_multi_criteria","5"
"117",FALSE,117,"WELL16_2","dfr_multi_criteria","5"
"118",FALSE,118,"WELL16_2","dfr_multi_criteria","5"
"119",FALSE,119,"WELL16_2","dfr_multi_criteria","5"
"120",FALSE,120,"WELL16_2","dfr_multi_criteria","5"
"121",FALSE,121,"WELL16_2","dfr_multi_criteria","5"
"122",FALSE,122,"WELL16_2","dfr_multi_criteria","5"
"123",FALSE,123,"WELL16_2","dfr_multi_criteria","5"
"124",FALSE,124,"WELL16_2","dfr_multi_criteria","5"
"125",FALSE,125,"WELL16_2","dfr_multi_criteria","5"
"126",FALSE,126,"WELL16_2","dfr_multi_criteria","5"
"127",FALSE,127,"WELL16_2","dfr_multi_criteria","5"
"128",FALSE,128,"WELL16_2","dfr_multi_criteria","5"
"129",FALSE,129,"WELL16_2","dfr_multi_criteria","5"
"130",FALSE,130,"WELL16_2","dfr_multi_criteria","5"
"131",FALSE,131,"WELL16_2","dfr_multi_criteria","5"
"132",FALSE,132,"WELL16_2","dfr_multi_criteria","5"
"133",FALSE,133,"WELL16_2","dfr_multi_criteria","5"
"134",FALSE,134,"WELL16_2","dfr_multi_criteria","5"
"135",FALSE,135,"WELL16_2","dfr_multi_criteria","5"
"136",FALSE,136,"WELL16_2","dfr_multi_criteria","5"
"137",FALSE,137,"WELL16_2","dfr_multi_criteria","5"
"138",FALSE,138,"WELL16_2","dfr_multi_criteria","5"
"139",FALSE,139,"WELL16_2","dfr_multi_criteria","5"
"140",FALSE,140,"WELL16_2","dfr_multi_criteria","5"
"141",FALSE,141,"WELL16_2","dfr_multi_criteria","5"
"142",FALSE,142,"WELL16_2","dfr_multi_criteria","5"
"143",FALSE,143,"WELL16_2","dfr_multi_criteria","5"
"144",FALSE,144,"WELL16_2","dfr_multi_criteria","5"
"145",FALSE,145,"WELL16_2","dfr_multi_criteria","5"
"146",FALSE,146,"WELL16_2","dfr_multi_criteria","5"
"147",FALSE,147,"WELL16_2","dfr_multi_criteria","5"
"148",FALSE,148,"WELL16_2","dfr_multi_criteria","5"
"149",FALSE,149,"WELL16_2","dfr_multi_criteria","5"
"150",FALSE,150,"WELL16_2","dfr_multi_criteria","5"
"151",FALSE,151,"WELL16_2","dfr_multi_criteria","5"
"152",FALSE,152,"WELL16_2","dfr_multi_criteria","5"
"153",FALSE,153,"WELL16_2","dfr_multi_criteria","5"
"154",FALSE,154,"WELL16_2","dfr_multi_criteria","5"
"155",FALSE,155,"WELL16_2","dfr_multi_criteria","5"
"156",FALSE,156,"WELL16_2","dfr_multi_criteria","5"
"157",FALSE,157,"WELL16_2","dfr_multi_criteria","5"
"158",FALSE,158,"WELL16_2","dfr_multi_criteria","5"
"159",FALSE,159,"WELL16_2","dfr_multi_criteria","5"
"160",FALSE,160,"WELL16_2","dfr_multi_criteria","5"
"161",FALSE,161,"WELL16_2","dfr_multi_criteria","5"
"162",FALSE,162,"WELL16_2","dfr_multi_criteria","5"
"163",FALSE,163,"WELL16_2","dfr_multi_criteria","5"
"164",FALSE,164,"WELL16_2","dfr_multi_criteria","5"
"165",FALSE,165,"WELL16_2","dfr_multi_criteria","5"
"166",FALSE,166,"WELL16_2","dfr_multi_criteria","5"
"167",FALSE,167,"WELL16_2","dfr_multi_criteria","5"
"168",FALSE,168,"WELL16_2","dfr_multi_criteria","5"
"169",FALSE,169,"WELL16_2","dfr_multi_criteria","5"
"170",FALSE,170,"WELL16_2","dfr_multi_criteria","5"
"171",FALSE,171,"WELL16_2","dfr_multi_criteria","5"
"172",FALSE,172,"WELL16_2","dfr_multi_criteria","5"
"173",FALSE,173,"WELL16_2","dfr_multi_criteria","5"
"174",FALSE,174,"WELL16_2","dfr_multi_criteria","5"
"175",FALSE,175,"WELL16_2","dfr_multi_criteria","5"
"176",FALSE,176,"WELL16_2","dfr_multi_criteria","5"
"177",FALSE,177,"WELL16_2","dfr_multi_criteria","5"
"178",FALSE,178,"WELL16_2","dfr_multi_criteria","5"
"179",FALSE,179,"WELL16_2","dfr_multi_criteria","5"
"180",FALSE,180,"WELL16_2","dfr_multi_criteria","5"
"181",FALSE,181,"WELL16_2","dfr_multi_criteria","5"
"182",FALSE,182,"WELL16_2","dfr_multi_criteria","5"
"183",FALSE,183,"WELL16_2","dfr_multi_criteria","5"
"184",FALSE,184,"WELL16_2","dfr_multi_criteria","5"
"185",FALSE,185,"WELL16_2","dfr_multi_criteria","5"
"186",FALSE,186,"WELL16_2","dfr_multi_criteria","5"
"187",FALSE,187,"WELL16_2","dfr_multi_criteria","5"
"188",FALSE,188,"WELL16_2","dfr_multi_criteria","5"
"189",FALSE,189,"WELL16_2","dfr_multi_criteria","5"
"190",FALSE,190,"WELL16_2","dfr_multi_criteria","5"
"191",FALSE,191,"WELL16_2","dfr_multi_criteria","5"
"192",FALSE,192,"WELL16_2","dfr_multi_criteria","5"
"193",FALSE,193,"WELL16_2","dfr_multi_criteria","5"
"194",FALSE,194,"WELL16_2","dfr_multi_criteria","5"
"195",FALSE,195,"WELL16_2","dfr_multi_criteria","5"
"196",FALSE,196,"WELL16_2","dfr_multi_criteria","5"
"197",FALSE,197,"WELL16_2","dfr_multi_criteria","5"
"198",FALSE,198,"WELL16_2","dfr_multi_criteria","5"
"199",FALSE,199,"WELL16_2","dfr_multi_criteria","5"
"200",FALSE,200,"WELL16_2","dfr_multi_criteria","5"
"201",FALSE,201,"WELL16_2","dfr_multi_criteria","5"
"202",FALSE,202,"WELL16_2","dfr_multi_criteria","5"
"203",FALSE,203,"WELL16_2","dfr_multi_criteria","5"
"204",FALSE,204,"WELL16_2","dfr_multi_criteria","5"
"205",FALSE,205,"WELL16_2","dfr_multi_criteria","5"
"206",FALSE,206,"WELL16_2","dfr_multi_criteria","5"
"207",FALSE,207,"WELL16_2","dfr_multi_criteria","5"
"208",FALSE,208,"WELL16_2","dfr_multi_criteria","5"
"209",FALSE,209,"WELL16_2","dfr_multi_criteria","5"
"210",FALSE,210,"WELL16_2","dfr_multi_criteria","5"
"211",FALSE,211,"WELL16_2","dfr_multi_criteria","5"
"212",FALSE,212,"WELL16_2","dfr_multi_criteria","5"
"213",FALSE,213,"WELL16_2","dfr_multi_criteria","5"
"214",FALSE,214,"WELL16_2","dfr_multi_criteria","5"
"215",FALSE,215,"WELL16_2","dfr_multi_criteria","5"
"216",FALSE,216,"WELL16_2","dfr_multi_criteria","5"
"217",FALSE,217,"WELL16_2","dfr_multi_criteria","5"
"218",FALSE,218,"WELL16_2","dfr_multi_criteria","5"
"219",FALSE,219,"WELL16_2","dfr_multi_criteria","5"
"220",FALSE,220,"WELL16_2","dfr_multi_criteria","5"
"221",FALSE,221,"WELL16_2","dfr_multi_criteria","5"
"222",FALSE,222,"WELL16_2","dfr_multi_criteria","5"
"223",FALSE,223,"WELL16_2","dfr_multi_criteria","5"
"224",FALSE,224,"WELL16_2","dfr_multi_criteria","5"
"225",FALSE,225,"WELL16_2","dfr_multi_criteria","5"
"226",FALSE,226,"WELL16_2","dfr_multi_criteria","5"
"227",FALSE,227,"WELL16_2","dfr_multi_criteria","5"
"228",FALSE,228,"WELL16_2","dfr_multi_criteria","5"
"229",FALSE,229,"WELL16_2","dfr_multi_criteria","5"
"230",FALSE,230,"WELL16_2","dfr_multi_criteria","5"
"231",FALSE,231,"WELL16_2","dfr_multi_criteria","5"
"232",FALSE,232,"WELL16_2","dfr_multi_criteria","5"
"233",FALSE,233,"WELL16_2","dfr_multi_criteria","5"
"234",FALSE,234,"WELL16_2","dfr_multi_criteria","5"
"235",FALSE,235,"WELL16_2","dfr_multi_criteria","5"
"236",FALSE,236,"WELL16_2","dfr_multi_criteria","5"
"237",FALSE,237,"WELL16_2","dfr_multi_criteria","5"
"238",FALSE,238,"WELL16_2","dfr_multi_criteria","5"
"239",FALSE,239,"WELL16_2","dfr_multi_criteria","5"
"240",FALSE,240,"WELL16_2","dfr_multi_criteria","5"
"241",FALSE,241,"WELL16_2","dfr_multi_criteria","5"
"242",FALSE,242,"WELL16_2","dfr_multi_criteria","5"
"243",FALSE,243,"WELL16_2","dfr_multi_criteria","5"
"244",FALSE,244,"WELL16_2","dfr_multi_criteria","5"
"245",FALSE,245,"WELL16_2","dfr_multi_criteria","5"
"246",FALSE,246,"WELL16_2","dfr_multi_criteria","5"
"247",FALSE,247,"WELL16_2","dfr_multi_criteria","5"
"248",FALSE,248,"WELL16_2","dfr_multi_criteria","5"
"249",FALSE,249,"WELL16_2","dfr_multi_criteria","5"
"250",FALSE,250,"WELL16_2","dfr_multi_criteria","5"
"251",FALSE,251,"WELL16_2","dfr_multi_criteria","5"
"252",FALSE,252,"WELL16_2","dfr_multi_criteria","5"
"253",FALSE,253,"WELL16_2","dfr_multi_criteria","5"
"254",FALSE,254,"WELL16_2","dfr_multi_criteria","5"
"255",FALSE,255,"WELL16_2","dfr_multi_criteria","5"
"256",FALSE,256,"WELL16_2","dfr_multi_criteria","5"
"257",FALSE,257,"WELL16_2","dfr_multi_criteria","5"
"258",FALSE,258,"WELL16_2","dfr_multi_criteria","5"
"259",FALSE,259,"WELL16_2","dfr_multi_criteria","5"
"260",FALSE,260,"WELL16_2","dfr_multi_criteria","5"
"261",FALSE,261,"WELL16_2","dfr_multi_criteria","5"
"262",FALSE,262,"WELL16_2","dfr_multi_criteria","5"
"263",FALSE,263,"WELL16_2","dfr_multi_criteria","5"
"264",FALSE,264,"WELL16_2","dfr_multi_criteria","5"
"265",FALSE,265,"WELL16_2","dfr_multi_criteria","5"
"266",FALSE,266,"WELL16_2","dfr_multi_criteria","5"
"267",FALSE,267,"WELL16_2","dfr_multi_criteria","5"
"268",FALSE,268,"WELL16_2","dfr_multi_criteria","5"
"269",FALSE,269,"WELL16_2","dfr_multi_criteria","5"
"270",FALSE,270,"WELL16_2","dfr_multi_criteria","5"
"271",FALSE,271,"WELL16_2","dfr_multi_criteria","5"
"272",FALSE,272,"WELL16_2","dfr_multi_criteria","5"
"273",FALSE,273,"WELL16_2","dfr_multi_criteria","5"
"274",FALSE,274,"WELL16_2","dfr_multi_criteria","5"
"275",FALSE,275,"WELL16_2","dfr_multi_criteria","5"
"276",FALSE,276,"WELL16_2","dfr_multi_criteria","5"
"277",FALSE,277,"WELL16_2","dfr_multi_criteria","5"
"278",FALSE,278,"WELL16_2","dfr_multi_criteria","5"
"279",FALSE,279,"WELL16_2","dfr_multi_criteria","5"
"280",FALSE,280,"WELL16_2","dfr_multi_criteria","5"
"281",FALSE,281,"WELL16_2","dfr_multi_criteria","5"
"282",FALSE,282,"WELL16_2","dfr_multi_criteria","5"
"283",FALSE,283,"WELL16_2","dfr_multi_criteria","5"
"284",FALSE,284,"WELL16_2","dfr_multi_criteria","5"
"285",FALSE,285,"WELL16_2","dfr_multi_criteria","5"
"286",FALSE,286,"WELL16_2","dfr_multi_criteria","5"
"287",FALSE,287,"WELL16_2","dfr_multi_criteria","5"
"288",FALSE,288,"WELL16_2","dfr_multi_criteria","5"
"289",FALSE,289,"WELL16_2","dfr_multi_criteria","5"
"290",FALSE,290,"WELL16_2","dfr_multi_criteria","5"
"291",FALSE,291,"WELL16_2","dfr_multi_criteria","5"
"292",FALSE,292,"WELL16_2","dfr_multi_criteria","5"
"293",FALSE,293,"WELL16_2","dfr_multi_criteria","5"
"294",FALSE,294,"WELL16_2","dfr_multi_criteria","5"
"295",FALSE,295,"WELL16_2","dfr_multi_criteria","5"
"296",FALSE,296,"WELL16_2","dfr_multi_criteria","5"
"297",FALSE,297,"WELL16_2","dfr_multi_criteria","5"
"298",FALSE,298,"WELL16_2","dfr_multi_criteria","5"
"299",FALSE,299,"WELL16_2","dfr_multi_criteria","5"
"300",FALSE,300,"WELL16_2","dfr_multi_criteria","5"
"301",FALSE,301,"WELL16_2","dfr_multi_criteria","5"
"302",FALSE,302,"WELL16_2","dfr_multi_criteria","5"
"303",FALSE,303,"WELL16_2","dfr_multi_criteria","5"
"304",FALSE,304,"WELL16_2","dfr_multi_criteria","5"
"305",FALSE,305,"WELL16_2","dfr_multi_criteria","5"
"306",FALSE,306,"WELL16_2","dfr_multi_criteria","5"
"307",FALSE,307,"WELL16_2","dfr_multi_criteria","5"
"308",FALSE,308,"WELL16_2","dfr_multi_criteria","5"
"309",FALSE,309,"WELL16_2","dfr_multi_criteria","5"
"310",FALSE,310,"WELL16_2","dfr_multi_criteria","5"
"311",FALSE,311,"WELL16_2","dfr_multi_criteria","5"
"312",FALSE,312,"WELL16_2","dfr_multi_criteria","5"
"313",FALSE,313,"WELL16_2","dfr_multi_criteria","5"
"314",FALSE,314,"WELL16_2","dfr_multi_criteria","5"
"315",FALSE,315,"WELL16_2","dfr_multi_criteria","5"
"316",FALSE,316,"WELL16_2","dfr_multi_criteria","5"
"317",FALSE,317,"WELL16_2","dfr_multi_criteria","5"
"318",FALSE,318,"WELL16_2","dfr_multi_criteria","5"
"319",FALSE,319,"WELL16_2","dfr_multi_criteria","5"
"320",FALSE,320,"WELL16_2","dfr_multi_criteria","5"
"321",FALSE,321,"WELL16_2","dfr_multi_criteria","5"
"322",FALSE,322,"WELL16_2","dfr_multi_criteria","5"
"323",FALSE,323,"WELL16_2","dfr_multi_criteria","5"
"324",FALSE,324,"WELL16_2","dfr_multi_criteria","5"
"325",FALSE,325,"WELL16_2","dfr_multi_criteria","5"
"326",FALSE,326,"WELL16_2","dfr_multi_criteria","5"
"327",FALSE,327,"WELL16_2","dfr_multi_criteria","5"
"328",FALSE,328,"WELL16_2","dfr_multi_criteria","5"
"329",FALSE,329,"WELL16_2","dfr_multi_criteria","5"
"330",FALSE,330,"WELL16_2","dfr_multi_criteria","5"
"331",FALSE,331,"WELL16_2","dfr_multi_criteria","5"
"332",FALSE,332,"WELL16_2","dfr_multi_criteria","5"
"333",FALSE,333,"WELL16_2","dfr_multi_criteria","5"
"334",FALSE,334,"WELL16_2","dfr_multi_criteria","5"
"335",FALSE,335,"WELL16_2","dfr_multi_criteria","5"
"336",FALSE,336,"WELL16_2","dfr_multi_criteria","5"
"337",FALSE,337,"WELL16_2","dfr_multi_criteria","5"
"338",FALSE,338,"WELL16_2","dfr_multi_criteria","5"
"339",FALSE,339,"WELL16_2","dfr_multi_criteria","5"
"340",FALSE,340,"WELL16_2","dfr_multi_criteria","5"
"341",FALSE,341,"WELL16_2","dfr_multi_criteria","5"
"342",FALSE,342,"WELL16_2","dfr_multi_criteria","5"
"343",FALSE,343,"WELL16_2","dfr_multi_criteria","5"
"344",FALSE,344,"WELL16_2","dfr_multi_criteria","5"
"345",FALSE,345,"WELL16_2","dfr_multi_criteria","5"
"346",FALSE,346,"WELL16_2","dfr_multi_criteria","5"
"347",FALSE,347,"WELL16_2","dfr_multi_criteria","5"
"348",FALSE,348,"WELL16_2","dfr_multi_criteria","5"
"349",FALSE,349,"WELL16_2","dfr_multi_criteria","5"
"350",FALSE,350,"WELL16_2","dfr_multi_criteria","5"
"351",FALSE,351,"WELL16_2","dfr_multi_criteria","5"
"352",FALSE,352,"WELL16_2","dfr_multi_criteria","5"
"353",FALSE,353,"WELL16_2","dfr_multi_criteria","5"
"354",FALSE,354,"WELL16_2","dfr_multi_criteria","5"
"355",FALSE,355,"WELL16_2","dfr_multi_criteria","5"
"356",FALSE,356,"WELL16_2","dfr_multi_criteria","5"
"357",FALSE,357,"WELL16_2","dfr_multi_criteria","5"
"358",FALSE,358,"WELL16_2","dfr_multi_criteria","5"
"359",FALSE,359,"WELL16_2","dfr_multi_criteria","5"
"360",FALSE,360,"WELL16_2","dfr_multi_criteria","5"
"361",FALSE,361,"WELL16_2","dfr_multi_criteria","5"
"362",FALSE,362,"WELL16_2","dfr_multi_criteria","5"
"363",FALSE,363,"WELL16_2","dfr_multi_criteria","5"
"364",FALSE,364,"WELL16_2","dfr_multi_criteria","5"
"365",FALSE,365,"WELL16_2","dfr_multi_criteria","5"
"366",FALSE,366,"WELL16_2","dfr_multi_criteria","5"
"367",FALSE,367,"WELL16_2","dfr_multi_criteria","5"
"368",FALSE,368,"WELL16_2","dfr_multi_criteria","5"
"369",FALSE,369,"WELL16_2","dfr_multi_criteria","5"
"370",FALSE,370,"WELL16_2","dfr_multi_criteria","5"
"371",FALSE,371,"WELL16_2","dfr_multi_criteria","5"
"372",FALSE,372,"WELL16_2","dfr_multi_criteria","5"
"373",FALSE,373,"WELL16_2","dfr_multi_criteria","5"
"374",FALSE,374,"WELL16_2","dfr_multi_criteria","5"
"375",FALSE,375,"WELL16_2","dfr_multi_criteria","5"
"376",FALSE,376,"WELL16_2","dfr_multi_criteria","5"
"377",FALSE,377,"WELL16_2","dfr_multi_criteria","5"
"378",FALSE,378,"WELL16_2","dfr_multi_criteria","5"
"379",FALSE,379,"WELL16_2","dfr_multi_criteria","5"
"380",FALSE,380,"WELL16_2","dfr_multi_criteria","5"
"381",FALSE,381,"WELL16_2","dfr_multi_criteria","5"
"382",FALSE,382,"WELL16_2","dfr_multi_criteria","5"
"383",FALSE,383,"WELL16_2","dfr_multi_criteria","5"
"384",FALSE,384,"WELL16_2","dfr_multi_criteria","5"
"385",FALSE,385,"WELL16_2","dfr_multi_criteria","5"
"386",FALSE,386,"WELL16_2","dfr_multi_criteria","5"
"387",FALSE,387,"WELL16_2","dfr_multi_criteria","5"
"388",FALSE,388,"WELL16_2","dfr_multi_criteria","5"
"389",FALSE,389,"WELL16_2","dfr_multi_criteria","5"
"390",FALSE,390,"WELL16_2","dfr_multi_criteria","5"
"391",FALSE,391,"WELL16_2","dfr_multi_criteria","5"
"392",FALSE,392,"WELL16_2","dfr_multi_criteria","5"
"393",FALSE,393,"WELL16_2","dfr_multi_criteria","5"
"394",FALSE,394,"WELL16_2","dfr_multi_criteria","5"
"395",FALSE,395,"WELL16_2","dfr_multi_criteria","5"
"396",FALSE,396,"WELL16_2","dfr_multi_criteria","5"
"397",FALSE,397,"WELL16_2","dfr_multi_criteria","5"
"398",FALSE,398,"WELL16_2","dfr_multi_criteria","5"
"399",FALSE,399,"WELL16_2","dfr_multi_criteria","5"
"400",FALSE,400,"WELL16_2","dfr_multi_criteria","5"
"401",FALSE,401,"WELL16_2","dfr_multi_criteria","5"
"402",FALSE,402,"WELL16_2","dfr_multi_criteria","5"
"403",FALSE,403,"WELL16_2","dfr_multi_criteria","5"
"404",FALSE,404,"WELL16_2","dfr_multi_criteria","5"
"405",FALSE,405,"WELL16_2","dfr_multi_criteria","5"
"406",FALSE,406,"WELL16_2","dfr_multi_criteria","5"
"407",FALSE,407,"WELL16_2","dfr_multi_criteria","5"
"408",FALSE,408,"WELL16_2","dfr_multi_criteria","5"
"409",FALSE,409,"WELL16_2","dfr_multi_criteria","5"
"410",FALSE,410,"WELL16_2","dfr_multi_criteria","5"
"411",FALSE,411,"WELL16_2","dfr_multi_criteria","5"
"412",FALSE,412,"WELL16_2","dfr_multi_criteria","5"
"413",FALSE,413,"WELL16_2","dfr_multi_criteria","5"
"414",FALSE,414,"WELL16_2","dfr_multi_criteria","5"
"415",FALSE,415,"WELL16_2","dfr_multi_criteria","5"
"416",FALSE,416,"WELL16_2","dfr_multi_criteria","5"
"417",FALSE,417,"WELL16_2","dfr_multi_criteria","5"
"418",FALSE,418,"WELL16_2","dfr_multi_criteria","5"
"419",FALSE,419,"WELL16_2","dfr_multi_criteria","5"
"420",FALSE,420,"WELL16_2","dfr_multi_criteria","5"
"421",FALSE,421,"WELL16_2","dfr_multi_criteria","5"
"422",FALSE,422,"WELL16_2","dfr_multi_criteria","5"
"423",FALSE,423,"WELL16_2","dfr_multi_criteria","5"
"424",FALSE,424,"WELL16_2","dfr_multi_criteria","5"
"425",FALSE,425,"WELL16_2","dfr_multi_criteria","5"
"426",FALSE,426,"WELL16_2","dfr_multi_criteria","5"
"427",FALSE,427,"WELL16_2","dfr_multi_criteria","5"
"428",FALSE,428,"WELL16_2","dfr_multi_criteria","5"
"429",FALSE,429,"WELL16_2","dfr_multi_criteria","5"
"430",FALSE,430,"WELL16_2","dfr_multi_criteria","5"
"431",FALSE,431,"WELL16_2","dfr_multi_criteria","5"
"432",FALSE,432,"WELL16_2","dfr_multi_criteria","5"
"433",FALSE,433,"WELL16_2","dfr_multi_criteria","5"
"434",FALSE,434,"WELL16_2","dfr_multi_criteria","5"
"435",FALSE,435,"WELL16_2","dfr_multi_criteria","5"
"436",FALSE,436,"WELL16_2","dfr_multi_criteria","5"
"437",FALSE,437,"WELL16_2","dfr_multi_criteria","5"
"438",FALSE,438,"WELL16_2","dfr_multi_criteria","5"
"439",FALSE,439,"WELL16_2","dfr_multi_criteria","5"
"440",FALSE,440,"WELL16_2","dfr_multi_criteria","5"
"441",FALSE,441,"WELL16_2","dfr_multi_criteria","5"
"442",FALSE,442,"WELL16_2","dfr_multi_criteria","5"
"443",FALSE,443,"WELL16_2","dfr_multi_criteria","5"
"444",FALSE,444,"WELL16_2","dfr_multi_criteria","5"
"445",FALSE,445,"WELL16_2","dfr_multi_criteria","5"
"446",FALSE,446,"WELL16_2","dfr_multi_criteria","5"
"447",FALSE,447,"WELL16_2","dfr_multi_criteria","5"
"448",FALSE,448,"WELL16_2","dfr_multi_criteria","5"
"449",FALSE,449,"WELL16_2","dfr_multi_criteria","5"
"450",FALSE,450,"WELL16_2","dfr_multi_criteria","5"
"451",FALSE,451,"WELL16_2","dfr_multi_criteria","5"
"452",FALSE,452,"WELL16_2","dfr_multi_criteria","5"
"453",FALSE,453,"WELL16_2","dfr_multi_criteria","5"
"454",FALSE,454,"WELL16_2","dfr_multi_criteria","5"
"455",FALSE,455,"WELL16_2","dfr_multi_criteria","5"
"456",FALSE,456,"WELL16_2","dfr_multi_criteria","5"
"457",FALSE,457,"WELL16_2","dfr_multi_criteria","5"
"458",FALSE,458,"WELL16_2","dfr_multi_criteria","5"
"459",FALSE,459,"WELL16_2","dfr_multi_criteria","5"
"460",FALSE,460,"WELL16_2","dfr_multi_criteria","5"
"461",FALSE,461,"WELL16_2","dfr_multi_criteria","5"
"462",FALSE,462,"WELL16_2","dfr_multi_criteria","5"
"463",FALSE,463,"WELL16_2","dfr_multi_criteria","5"
"464",FALSE,464,"WELL16_2","dfr_multi_criteria","5"
"465",FALSE,465,"WELL16_2","dfr_multi_criteria","5"
"466",FALSE,466,"WELL16_2","dfr_multi_criteria","5"
"467",FALSE,467,"WELL16_2","dfr_multi_criteria","5"
"468",FALSE,468,"WELL16_2","dfr_multi_criteria","5"
"469",FALSE,469,"WELL16_2","dfr_multi_criteria","5"
"470",FALSE,470,"WELL16_2","dfr_multi_criteria","5"
"471",FALSE,471,"WELL16_2","dfr_multi_criteria","5"
"472",FALSE,472,"WELL16_2","dfr_multi_criteria","5"
"473",FALSE,473,"WELL16_2","dfr_multi_criteria","5"
"474",FALSE,474,"WELL16_2","dfr_multi_criteria","5"
"475",FALSE,475,"WELL16_2","dfr_multi_criteria","5"
"476",FALSE,476,"WELL16_2","dfr_multi_criteria","5"
"477",FALSE,477,"WELL16_2","dfr_multi_criteria","5"
"478",FALSE,478,"WELL16_2","dfr_multi_criteria","5"
"479",FALSE,479,"WELL16_2","dfr_multi_criteria","5"
"480",FALSE,480,"WELL16_2","dfr_multi_criteria","5"
"481",FALSE,481,"WELL16_2","dfr_multi_criteria","5"
"482",FALSE,482,"WELL16_2","dfr_multi_criteria","5"
"483",FALSE,483,"WELL16_2","dfr_multi_criteria","5"
"484",FALSE,484,"WELL16_2","dfr_multi_criteria","5"
"485",FALSE,485,"WELL16_2","dfr_multi_criteria","5"
"486",FALSE,486,"WELL16_2","dfr_multi_criteria","5"
"487",FALSE,487,"WELL16_2","dfr_multi_criteria","5"
"488",FALSE,488,"WELL16_2","dfr_multi_criteria","5"
"489",FALSE,489,"WELL16_2","dfr_multi_criteria","5"
"490",FALSE,490,"WELL16_2","dfr_multi_criteria","5"
"491",FALSE,491,"WELL16_2","dfr_multi_criteria","5"
"492",FALSE,492,"WELL16_2","dfr_multi_criteria","5"
"493",FALSE,493,"WELL16_2","dfr_multi_criteria","5"
"494",FALSE,494,"WELL16_2","dfr_multi_criteria","5"
"495",FALSE,495,"WELL16_2","dfr_multi_criteria","5"
"496",FALSE,496,"WELL16_2","dfr_multi_criteria","5"
"497",FALSE,497,"WELL16_2","dfr_multi_criteria","5"
"498",FALSE,498,"WELL16_2","dfr_multi_criteria","5"
"499",FALSE,499,"WELL16_2","dfr_multi_criteria","5"
"500",FALSE,500,"WELL16_2","dfr_multi_criteria","5"
"501",FALSE,501,"WELL16_2","dfr_multi_criteria","5"
"502",FALSE,502,"WELL16_2","dfr_multi_criteria","5"
"503",FALSE,503,"WELL16_2","dfr_multi_criteria","5"
"504",FALSE,504,"WELL16_2","dfr_multi_criteria","5"
"505",FALSE,505,"WELL16_2","dfr_multi_criteria","5"
"506",FALSE,506,"WELL16_2","dfr_multi_criteria","5"
"507",FALSE,507,"WELL16_2","dfr_multi_criteria","5"
"508",FALSE,508,"WELL16_2","dfr_multi_criteria","5"
"509",FALSE,509,"WELL16_2","dfr_multi_criteria","5"
"510",FALSE,510,"WELL16_2","dfr_multi_criteria","5"
"511",FALSE,511,"WELL16_2","dfr_multi_criteria","5"
"512",FALSE,512,"WELL16_2","dfr_multi_criteria","5"
"513",FALSE,513,"WELL16_2","dfr_multi_criteria","5"
"514",FALSE,514,"WELL16_2","dfr_multi_criteria","5"
"515",FALSE,515,"WELL16_2","dfr_multi_criteria","5"
"516",FALSE,516,"WELL16_2","dfr_multi_criteria","5"
"517",FALSE,517,"WELL16_2","dfr_multi_criteria","5"
"518",FALSE,518,"WELL16_2","dfr_multi_criteria","5"
"519",FALSE,519,"WELL16_2","dfr_multi_criteria","5"
"520",FALSE,520,"WELL16_2","dfr_multi_criteria","5"
"521",FALSE,521,"WELL16_2","dfr_multi_criteria","5"
"522",FALSE,522,"WELL16_2","dfr_multi_criteria","5"
"523",FALSE,523,"WELL16_2","dfr_multi_criteria","5"
"524",FALSE,524,"WELL16_2","dfr_multi_criteria","5"
"525",FALSE,525,"WELL16_2","dfr_multi_criteria","5"
"526",FALSE,526,"WELL16_2","dfr_multi_criteria","5"
"527",FALSE,527,"WELL16_2","dfr_multi_criteria","5"
"528",FALSE,528,"WELL16_2","dfr_multi_criteria","5"
"529",FALSE,529,"WELL16_2","dfr_multi_criteria","5"
"530",FALSE,530,"WELL16_2","dfr_multi_criteria","5"
"531",FALSE,531,"WELL16_2","dfr_multi_criteria","5"
"532",FALSE,532,"WELL16_2","dfr_multi_criteria","5"
"533",FALSE,533,"WELL16_2","dfr_multi_criteria","5"
"534",FALSE,534,"WELL16_2","dfr_multi_criteria","5"
"535",FALSE,535,"WELL16_2","dfr_multi_criteria","5"
"536",FALSE,536,"WELL16_2","dfr_multi_criteria","5"
"537",FALSE,537,"WELL16_2","dfr_multi_criteria","5"
"538",FALSE,538,"WELL16_2","dfr_multi_criteria","5"
"539",FALSE,539,"WELL16_2","dfr_multi_criteria","5"
"540",FALSE,540,"WELL16_2","dfr_multi_criteria","5"
"541",FALSE,541,"WELL16_2","dfr_multi_criteria","5"
"542",FALSE,542,"WELL16_2","dfr_multi_criteria","5"
"543",FALSE,543,"WELL16_2","dfr_multi_criteria","5"
"544",FALSE,544,"WELL16_2","dfr_multi_criteria","5"
"545",FALSE,545,"WELL16_2","dfr_multi_criteria","5"
"546",FALSE,546,"WELL16_2","dfr_multi_criteria","5"
"547",FALSE,547,"WELL16_2","dfr_multi_criteria","5"
"548",FALSE,548,"WELL16_2","dfr_multi_criteria","5"
"549",FALSE,549,"WELL16_2","dfr_multi_criteria","5"
"550",FALSE,550,"WELL16_2","dfr_multi_criteria","5"
"551",FALSE,551,"WELL16_2","dfr_multi_criteria","5"
"552",FALSE,552,"WELL16_2","dfr_multi_criteria","5"
"553",FALSE,553,"WELL16_2","dfr_multi_criteria","5"
"554",FALSE,554,"WELL16_2","dfr_multi_criteria","5"
"555",FALSE,555,"WELL16_2","dfr_multi_criteria","5"
"556",FALSE,556,"WELL16_2","dfr_multi_criteria","5"
"557",FALSE,557,"WELL16_2","dfr_multi_criteria","5"
"558",FALSE,558,"WELL16_2","dfr_multi_criteria","5"
"559",FALSE,559,"WELL16_2","dfr_multi_criteria","5"
"560",FALSE,560,"WELL16_2","dfr_multi_criteria","5"
"561",FALSE,561,"WELL16_2","dfr_multi_criteria","5"
"562",FALSE,562,"WELL16_2","dfr_multi_criteria","5"
"563",FALSE,563,"WELL16_2","dfr_multi_criteria","5"
"564",FALSE,564,"WELL16_2","dfr_multi_criteria","5"
"565",FALSE,565,"WELL16_2","dfr_multi_criteria","5"
"566",FALSE,566,"WELL16_2","dfr_multi_criteria","5"
"567",FALSE,567,"WELL16_2","dfr_multi_criteria","5"
"568",FALSE,568,"WELL16_2","dfr_multi_criteria","5"
"569",FALSE,569,"WELL16_2","dfr_multi_criteria","5"
"570",FALSE,570,"WELL16_2","dfr_multi_criteria","5"
"571",FALSE,571,"WELL16_2","dfr_multi_criteria","5"
"572",FALSE,572,"WELL16_2","dfr_multi_criteria","5"
"573",FALSE,573,"WELL16_2","dfr_multi_criteria","5"
"574",FALSE,574,"WELL16_2","dfr_multi_criteria","5"
"575",FALSE,575,"WELL16_2","dfr_multi_criteria","5"
"576",FALSE,576,"WELL16_2","dfr_multi_criteria","5"
"577",FALSE,577,"WELL16_2","dfr_multi_criteria","5"
"578",FALSE,578,"WELL16_2","dfr_multi_criteria","5"
"579",FALSE,579,"WELL16_2","dfr_multi_criteria","5"
"580",FALSE,580,"WELL16_2","dfr_multi_criteria","5"
"581",FALSE,581,"WELL16_2","dfr_multi_criteria","5"
"582",FALSE,582,"WELL16_2","dfr_multi_criteria","5"
"583",FALSE,583,"WELL16_2","dfr_multi_criteria","5"
"584",FALSE,584,"WELL16_2","dfr_multi_criteria","5"
"585",FALSE,585,"WELL16_2","dfr_multi_criteria","5"
"586",FALSE,586,"WELL16_2","dfr_multi_criteria","5"
"587",FALSE,587,"WELL16_2","dfr_multi_criteria","5"
"588",FALSE,588,"WELL16_2","dfr_multi_criteria","5"
"589",FALSE,589,"WELL16_2","dfr_multi_criteria","5"
"590",FALSE,590,"WELL16_2","dfr_multi_criteria","5"
"591",FALSE,591,"WELL16_2","dfr_multi_criteria","5"
"592",FALSE,592,"WELL16_2","dfr_multi_criteria","5"
"593",FALSE,593,"WELL16_2","dfr_multi_criteria","5"
"594",FALSE,594,"WELL16_2","dfr_multi_criteria","5"
"595",FALSE,595,"WELL16_2","dfr_multi_criteria","5"
"596",FALSE,596,"WELL16_2","dfr_multi_criteria","5"
"597",FALSE,597,"WELL16_2","dfr_multi_criteria","5"
"598",FALSE,598,"WELL16_2","dfr_multi_criteria","5"
"599",FALSE,599,"WELL16_2","dfr_multi_criteria","5"
"600",FALSE,600,"WELL16_2","dfr_multi_criteria","5"
"601",FALSE,601,"WELL16_2","dfr_multi_criteria","5"
"602",FALSE,602,"WELL16_2","dfr_multi_criteria","5"
"603",FALSE,603,"WELL16_2","dfr_multi_criteria","5"
"604",FALSE,604,"WELL16_2","dfr_multi_criteria","5"
"605",FALSE,605,"WELL16_2","dfr_multi_criteria","5"
"606",FALSE,606,"WELL16_2","dfr_multi_criteria","5"
"607",FALSE,607,"WELL16_2","dfr_multi_criteria","5"
"608",FALSE,608,"WELL16_2","dfr_multi_criteria","5"
"609",FALSE,609,"WELL16_2","dfr_multi_criteria","5"
"610",FALSE,610,"WELL16_2","dfr_multi_criteria","5"
"611",FALSE,611,"WELL16_2","dfr_multi_criteria","5"
"612",FALSE,612,"WELL16_2","dfr_multi_criteria","5"
"613",FALSE,613,"WELL16_2","dfr_multi_criteria","5"
"614",FALSE,614,"WELL16_2","dfr_multi_criteria","5"
"615",FALSE,615,"WELL16_2","dfr_multi_criteria","5"
"616",FALSE,616,"WELL16_2","dfr_multi_criteria","5"
"617",FALSE,617,"WELL16_2","dfr_multi_criteria","5"
"618",FALSE,618,"WELL16_2","dfr_multi_criteria","5"
"619",FALSE,619,"WELL16_2","dfr_multi_criteria","5"
"620",FALSE,620,"WELL16_2","dfr_multi_criteria","5"
"621",FALSE,621,"WELL16_2","dfr_multi_criteria","5"
"622",FALSE,622,"WELL16_2","dfr_multi_criteria","5"
"623",FALSE,623,"WELL16_2","dfr_multi_criteria","5"
"624",FALSE,624,"WELL16_2","dfr_multi_criteria","5"
"625",FALSE,625,"WELL16_2","dfr_multi_criteria","5"
"626",FALSE,626,"WELL16_2","dfr_multi_criteria","5"
"627",FALSE,627,"WELL16_2","dfr_multi_criteria","5"
"628",FALSE,628,"WELL16_2","dfr_multi_criteria","5"
"629",FALSE,629,"WELL16_2","dfr_multi_criteria","5"
"630",FALSE,630,"WELL16_2","dfr_multi_criteria","5"
"631",FALSE,631,"WELL16_2","dfr_multi_criteria","5"
"632",FALSE,632,"WELL16_2","dfr_multi_criteria","5"
"633",FALSE,633,"WELL16_2","dfr_multi_criteria","5"
"634",FALSE,634,"WELL16_2","dfr_multi_criteria","5"
"635",FALSE,635,"WELL16_2","dfr_multi_criteria","5"
"636",FALSE,636,"WELL16_2","dfr_multi_criteria","5"
"637",FALSE,637,"WELL16_2","dfr_multi_criteria","5"
"638",FALSE,638,"WELL16_2","dfr_multi_criteria","5"
"639",FALSE,639,"WELL16_2","dfr_multi_criteria","5"
"640",FALSE,640,"WELL16_2","dfr_multi_criteria","5"
"641",FALSE,641,"WELL16_2","dfr_multi_criteria","5"
"642",FALSE,642,"WELL16_2","dfr_multi_criteria","5"
"643",FALSE,643,"WELL16_2","dfr_multi_criteria","5"
"644",FALSE,644,"WELL16_2","dfr_multi_criteria","5"
"645",FALSE,645,"WELL16_2","dfr_multi_criteria","5"
"646",FALSE,646,"WELL16_2","dfr_multi_criteria","5"
"647",FALSE,647,"WELL16_2","dfr_multi_criteria","5"
"648",FALSE,648,"WELL16_2","dfr_multi_criteria","5"
"649",FALSE,649,"WELL16_2","dfr_multi_criteria","5"
"650",FALSE,650,"WELL16_2","dfr_multi_criteria","5"
"651",FALSE,651,"WELL16_2","dfr_multi_criteria","5"
"652",FALSE,652,"WELL16_2","dfr_multi_criteria","5"
"653",FALSE,653,"WELL16_2","dfr_multi_criteria","5"
"654",FALSE,654,"WELL16_2","dfr_multi_criteria","5"
"655",FALSE,655,"WELL16_2","dfr_multi_criteria","5"
"656",FALSE,656,"WELL16_2","dfr_multi_criteria","5"
"657",FALSE,657,"WELL16_2","dfr_multi_criteria","5"
"658",FALSE,658,"WELL16_2","dfr_multi_criteria","5"
"659",FALSE,659,"WELL16_2","dfr_multi_criteria","5"
"660",FALSE,660,"WELL16_2","dfr_multi_criteria","5"
"661",FALSE,661,"WELL16_2","dfr_multi_criteria","5"
"662",FALSE,662,"WELL16_2","dfr_multi_criteria","5"
"663",FALSE,663,"WELL16_2","dfr_multi_criteria","5"
"664",FALSE,664,"WELL16_2","dfr_multi_criteria","5"
"665",FALSE,665,"WELL16_2","dfr_multi_criteria","5"
"666",FALSE,666,"WELL16_2","dfr_multi_criteria","5"
"667",FALSE,667,"WELL16_2","dfr_multi_criteria","5"
"668",FALSE,668,"WELL16_2","dfr_multi_criteria","5"
"669",FALSE,669,"WELL16_2","dfr_multi_criteria","5"
"670",FALSE,670,"WELL16_2","dfr_multi_criteria","5"
"671",FALSE,671,"WELL16_2","dfr_multi_criteria","5"
"672",FALSE,672,"WELL16_2","dfr_multi_criteria","5"
"673",FALSE,673,"WELL16_2","dfr_multi_criteria","5"
"674",FALSE,674,"WELL16_2","dfr_multi_criteria","5"
"675",FALSE,675,"WELL16_2","dfr_multi_criteria","5"
"676",FALSE,676,"WELL16_2","dfr_multi_criteria","5"
"677",FALSE,677,"WELL16_2","dfr_multi_criteria","5"
"678",FALSE,678,"WELL16_2","dfr_multi_criteria","5"
"679",FALSE,679,"WELL16_2","dfr_multi_criteria","5"
"680",FALSE,680,"WELL16_2","dfr_multi_criteria","5"
"681",FALSE,681,"WELL16_2","dfr_multi_criteria","5"
"682",FALSE,682,"WELL16_2","dfr_multi_criteria","5"
"683",FALSE,683,"WELL16_2","dfr_multi_criteria","5"
"684",FALSE,684,"WELL16_2","dfr_multi_criteria","5"
"685",FALSE,685,"WELL16_2","dfr_multi_criteria","5"
"686",FALSE,686,"WELL16_2","dfr_multi_criteria","5"
"687",FALSE,687,"WELL16_2","dfr_multi_criteria","5"
"688",FALSE,688,"WELL16_2","dfr_multi_criteria","5"
"689",FALSE,689,"WELL16_2","dfr_multi_criteria","5"
"690",FALSE,690,"WELL16_2","dfr_multi_criteria","5"
"691",FALSE,691,"WELL16_2","dfr_multi_criteria","5"
"692",FALSE,692,"WELL16_2","dfr_multi_criteria","5"
"693",FALSE,693,"WELL16_2","dfr_multi_criteria","5"
"694",FALSE,694,"WELL16_2","dfr_multi_criteria","5"
"695",FALSE,695,"WELL16_2","dfr_multi_criteria","5"
"696",FALSE,696,"WELL16_2","dfr_multi_criteria","5"
"697",FALSE,697,"WELL16_2","dfr_multi_criteria","5"
"698",FALSE,698,"WELL16_2","dfr_multi_criteria","5"
"699",FALSE,699,"WELL16_2","dfr_multi_criteria","5"
"700",FALSE,700,"WELL16_2","dfr_multi_criteria","5"
"701",FALSE,701,"WELL16_2","dfr_multi_criteria","5"
"702",FALSE,702,"WELL16_2","dfr_multi_criteria","5"
"703",FALSE,703,"WELL16_2","dfr_multi_criteria","5"
"704",FALSE,704,"WELL16_2","dfr_multi_criteria","5"
"705",FALSE,705,"WELL16_2","dfr_multi_criteria","5"
"706",FALSE,706,"WELL16_2","dfr_multi_criteria","5"
"707",FALSE,707,"WELL16_2","dfr_multi_criteria","5"
"708",FALSE,708,"WELL16_2","dfr_multi_criteria","5"
"709",FALSE,709,"WELL16_2","dfr_multi_criteria","5"
"710",FALSE,710,"WELL16_2","dfr_multi_criteria","5"
"711",FALSE,711,"WELL16_2","dfr_multi_criteria","5"
"712",FALSE,712,"WELL16_2","dfr_multi_criteria","5"
"713",FALSE,713,"WELL16_2","dfr_multi_criteria","5"
"714",FALSE,714,"WELL16_2","dfr_multi_criteria","5"
"715",FALSE,715,"WELL16_2","dfr_multi_criteria","5"
"716",FALSE,716,"WELL16_2","dfr_multi_criteria","5"
"717",FALSE,717,"WELL16_2","dfr_multi_criteria","5"
"718",FALSE,718,"WELL16_2","dfr_multi_criteria","5"
"719",FALSE,719,"WELL16_2","dfr_multi_criteria","5"
"720",FALSE,720,"WELL16_2","dfr_multi_criteria","5"
"721",FALSE,721,"WELL16_2","dfr_multi_criteria","5"
"722",FALSE,722,"WELL16_2","dfr_multi_criteria","5"
"723",FALSE,723,"WELL16_2","dfr_multi_criteria","5"
"724",FALSE,724,"WELL16_2","dfr_multi_criteria","5"
"725",FALSE,725,"WELL16_2","dfr_multi_criteria","5"
"726",FALSE,726,"WELL16_2","dfr_multi_criteria","5"
"727",FALSE,727,"WELL16_2","dfr_multi_criteria","5"
"728",FALSE,728,"WELL16_2","dfr_multi_criteria","5"
"729",FALSE,729,"WELL16_2","dfr_multi_criteria","5"
"730",FALSE,730,"WELL16_2","dfr_multi_criteria","5"
"731",FALSE,731,"WELL16_2","dfr_multi_criteria","5"
"732",FALSE,732,"WELL16_2","dfr_multi_criteria","5"
"733",FALSE,733,"WELL16_2","dfr_multi_criteria","5"
"734",FALSE,734,"WELL16_2","dfr_multi_criteria","5"
"735",FALSE,735,"WELL16_2","dfr_multi_criteria","5"
"736",FALSE,736,"WELL16_2","dfr_multi_criteria","5"
"737",FALSE,737,"WELL16_2","dfr_multi_criteria","5"
"738",FALSE,738,"WELL16_2","dfr_multi_criteria","5"
"739",FALSE,739,"WELL16_2","dfr_multi_criteria","5"
"740",FALSE,740,"WELL16_2","dfr_multi_criteria","5"
"741",FALSE,741,"WELL16_2","dfr_multi_criteria","5"
"742",FALSE,742,"WELL16_2","dfr_multi_criteria","5"
"743",FALSE,743,"WELL16_2","dfr_multi_criteria","5"
"744",FALSE,744,"WELL16_2","dfr_multi_criteria","5"
"745",FALSE,745,"WELL16_2","dfr_multi_criteria","5"
"746",FALSE,746,"WELL16_2","dfr_multi_criteria","5"
"747",FALSE,747,"WELL16_2","dfr_multi_criteria","5"
"748",FALSE,748,"WELL16_2","dfr_multi_criteria","5"
"749",FALSE,749,"WELL16_2","dfr_multi_criteria","5"
"750",FALSE,750,"WELL16_2","dfr_multi_criteria","5"
"751",FALSE,751,"WELL16_2","dfr_multi_criteria","5"
"752",FALSE,752,"WELL16_2","dfr_multi_criteria","5"
"753",FALSE,753,"WELL16_2","dfr_multi_criteria","5"
"754",FALSE,754,"WELL16_2","dfr_multi_criteria","5"
"755",FALSE,755,"WELL16_2","dfr_multi_criteria","5"
"756",FALSE,756,"WELL16_2","dfr_multi_criteria","5"
"757",FALSE,757,"WELL16_2","dfr_multi_criteria","5"
"758",FALSE,758,"WELL16_2","dfr_multi_criteria","5"
"759",FALSE,759,"WELL16_2","dfr_multi_criteria","5"
"760",FALSE,760,"WELL16_2","dfr_multi_criteria","5"
"761",FALSE,761,"WELL16_2","dfr_multi_criteria","5"
"762",FALSE,762,"WELL16_2","dfr_multi_criteria","5"
"763",FALSE,763,"WELL16_2","dfr_multi_criteria","5"
"764",FALSE,764,"WELL16_2","dfr_multi_criteria","5"
"765",FALSE,765,"WELL16_2","dfr_multi_criteria","5"
"766",FALSE,766,"WELL16_2","dfr_multi_criteria","5"
"767",FALSE,767,"WELL16_2","dfr_multi_criteria","5"
"768",FALSE,768,"WELL16_2","dfr_multi_criteria","5"
"769",FALSE,769,"WELL16_2","dfr_multi_criteria","5"
"770",FALSE,770,"WELL16_2","dfr_multi_criteria","5"
"771",FALSE,771,"WELL16_2","dfr_multi_criteria","5"
"772",FALSE,772,"WELL16_2","dfr_multi_criteria","5"
"773",FALSE,773,"WELL16_2","dfr_multi_criteria","5"
"774",FALSE,774,"WELL16_2","dfr_multi_criteria","5"
"775",FALSE,775,"WELL16_2","dfr_multi_criteria","5"
"776",FALSE,776,"WELL16_2","dfr_multi_criteria","5"
"777",FALSE,777,"WELL16_2","dfr_multi_criteria","5"
"778",FALSE,778,"WELL16_2","dfr_multi_criteria","5"
"779",FALSE,779,"WELL16_2","dfr_multi_criteria","5"
"780",FALSE,780,"WELL16_2","dfr_multi_criteria","5"
"781",FALSE,781,"WELL16_2","dfr_multi_criteria","5"
"782",FALSE,782,"WELL16_2","dfr_multi_criteria","5"
"783",FALSE,783,"WELL16_2","dfr_multi_criteria","5"
"784",FALSE,784,"WELL16_2","dfr_multi_criteria","5"
"785",FALSE,785,"WELL16_2","dfr_multi_criteria","5"
"786",FALSE,786,"WELL16_2","dfr_multi_criteria","5"
"787",FALSE,787,"WELL16_2","dfr_multi_criteria","5"
"788",FALSE,788,"WELL16_2","dfr_multi_criteria","5"
"789",FALSE,789,"WELL16_2","dfr_multi_criteria","5"
"790",FALSE,790,"WELL16_2","dfr_multi_criteria","5"
"791",FALSE,791,"WELL16_2","dfr_multi_criteria","5"
"792",FALSE,792,"WELL16_2","dfr_multi_criteria","5"
"793",FALSE,793,"WELL16_2","dfr_multi_criteria","5"
"794",FALSE,794,"WELL16_2","dfr_multi_criteria","5"
"795",FALSE,795,"WELL16_2","dfr_multi_criteria","5"
"796",FALSE,796,"WELL16_2","dfr_multi_criteria","5"
"797",FALSE,797,"WELL16_2","dfr_multi_criteria","5"
"798",FALSE,798,"WELL16_2","dfr_multi_criteria","5"
"799",FALSE,799,"WELL16_2","dfr_multi_criteria","5"
"800",FALSE,800,"WELL16_2","dfr_multi_criteria","5"
"801",FALSE,801,"WELL16_2","dfr_multi_criteria","5"
"802",FALSE,802,"WELL16_2","dfr_multi_criteria","5"
"803",FALSE,803,"WELL16_2","dfr_multi_criteria","5"
"804",FALSE,804,"WELL16_2","dfr_multi_criteria","5"
"805",FALSE,805,"WELL16_2","dfr_multi_criteria","5"
"806",FALSE,806,"WELL16_2","dfr_multi_criteria","5"
"807",FALSE,807,"WELL16_2","dfr_multi_criteria","5"
"808",FALSE,808,"WELL16_2","dfr_multi_criteria","5"
"809",FALSE,809,"WELL16_2","dfr_multi_criteria","5"
"810",FALSE,810,"WELL16_2","dfr_multi_criteria","5"
"811",FALSE,811,"WELL16_2","dfr_multi_criteria","5"
"812",FALSE,812,"WELL16_2","dfr_multi_criteria","5"
"813",FALSE,813,"WELL16_2","dfr_multi_criteria","5"
"814",FALSE,814,"WELL16_2","dfr_multi_criteria","5"
"815",FALSE,815,"WELL16_2","dfr_multi_criteria","5"
"816",FALSE,816,"WELL16_2","dfr_multi_criteria","5"
"817",FALSE,817,"WELL16_2","dfr_multi_criteria","5"
"818",FALSE,818,"WELL16_2","dfr_multi_criteria","5"
"819",FALSE,819,"WELL16_2","dfr_multi_criteria","5"
"820",FALSE,820,"WELL16_2","dfr_multi_criteria","5"
"821",FALSE,821,"WELL16_2","dfr_multi_criteria","5"
"822",FALSE,822,"WELL16_2","dfr_multi_criteria","5"
"823",FALSE,823,"WELL16_2","dfr_multi_criteria","5"
"824",FALSE,824,"WELL16_2","dfr_multi_criteria","5"
"825",FALSE,825,"WELL16_2","dfr_multi_criteria","5"
"826",FALSE,826,"WELL16_2","dfr_multi_criteria","5"
"827",FALSE,827,"WELL16_2","dfr_multi_criteria","5"
"828",FALSE,828,"WELL16_2","dfr_multi_criteria","5"
"829",FALSE,829,"WELL16_2","dfr_multi_criteria","5"
"830",FALSE,830,"WELL16_2","dfr_multi_criteria","5"
"831",FALSE,831,"WELL16_2","dfr_multi_criteria","5"
"832",FALSE,832,"WELL16_2","dfr_multi_criteria","5"
"833",FALSE,833,"WELL16_2","dfr_multi_criteria","5"
"834",FALSE,834,"WELL16_2","dfr_multi_criteria","5"
"835",FALSE,835,"WELL16_2","dfr_multi_criteria","5"
"836",FALSE,836,"WELL16_2","dfr_multi_criteria","5"
"837",FALSE,837,"WELL16_2","dfr_multi_criteria","5"
"838",FALSE,838,"WELL16_2","dfr_multi_criteria","5"
"839",FALSE,839,"WELL16_2","dfr_multi_criteria","5"
"840",FALSE,840,"WELL16_2","dfr_multi_criteria","5"
"841",FALSE,841,"WELL16_2","dfr_multi_criteria","5"
"842",FALSE,842,"WELL16_2","dfr_multi_criteria","5"
"843",FALSE,843,"WELL16_2","dfr_multi_criteria","5"
"844",FALSE,844,"WELL16_2","dfr_multi_criteria","5"
"845",FALSE,845,"WELL16_2","dfr_multi_criteria","5"
"846",FALSE,846,"WELL16_2","dfr_multi_criteria","5"
"847",FALSE,847,"WELL16_2","dfr_multi_criteria","5"
"848",FALSE,848,"WELL16_2","dfr_multi_criteria","5"
"849",FALSE,849,"WELL16_2","dfr_multi_criteria","5"
"850",FALSE,850,"WELL16_2","dfr_multi_criteria","5"
"851",FALSE,851,"WELL16_2","dfr_multi_criteria","5"
"852",FALSE,852,"WELL16_2","dfr_multi_criteria","5"
"853",FALSE,853,"WELL16_2","dfr_multi_criteria","5"
"854",FALSE,854,"WELL16_2","dfr_multi_criteria","5"
"855",FALSE,855,"WELL16_2","dfr_multi_criteria","5"
"856",FALSE,856,"WELL16_2","dfr_multi_criteria","5"
"857",FALSE,857,"WELL16_2","dfr_multi_criteria","5"
"858",FALSE,858,"WELL16_2","dfr_multi_criteria","5"
"859",FALSE,859,"WELL16_2","dfr_multi_criteria","5"
"860",FALSE,860,"WELL16_2","dfr_multi_criteria","5"
"861",FALSE,861,"WELL16_2","dfr_multi_criteria","5"
"862",FALSE,862,"WELL16_2","dfr_multi_criteria","5"
"863",FALSE,863,"WELL16_2","dfr_multi_criteria","5"
"864",FALSE,864,"WELL16_2","dfr_multi_criteria","5"
"865",FALSE,865,"WELL16_2","dfr_multi_criteria","5"
"866",FALSE,866,"WELL16_2","dfr_multi_criteria","5"
"867",FALSE,867,"WELL16_2","dfr_multi_criteria","5"
"868",FALSE,868,"WELL16_2","dfr_multi_criteria","5"
"869",FALSE,869,"WELL16_2","dfr_multi_criteria","5"
"870",FALSE,870,"WELL16_2","dfr_multi_criteria","5"
"871",FALSE,871,"WELL16_2","dfr_multi_criteria","5"
"872",FALSE,872,"WELL16_2","dfr_multi_criteria","5"
"873",FALSE,873,"WELL16_2","dfr_multi_criteria","5"
"874",FALSE,874,"WELL16_2","dfr_multi_criteria","5"
"875",FALSE,875,"WELL16_2","dfr_multi_criteria","5"
"876",FALSE,876,"WELL16_2","dfr_multi_criteria","5"
"877",FALSE,877,"WELL16_2","dfr_multi_criteria","5"
"878",FALSE,878,"WELL16_2","dfr_multi_criteria","5"
"879",FALSE,879,"WELL16_2","dfr_multi_criteria","5"
"880",FALSE,880,"WELL16_2","dfr_multi_criteria","5"
"881",FALSE,881,"WELL16_2","dfr_multi_criteria","5"
"882",FALSE,882,"WELL16_2","dfr_multi_criteria","5"
"883",FALSE,883,"WELL16_2","dfr_multi_criteria","5"
"884",FALSE,884,"WELL16_2","dfr_multi_criteria","5"
"885",FALSE,885,"WELL16_2","dfr_multi_criteria","5"
"886",FALSE,886,"WELL16_2","dfr_multi_criteria","5"
"887",FALSE,887,"WELL16_2","dfr_multi_criteria","5"
"888",FALSE,888,"WELL16_2","dfr_multi_criteria","5"
"889",FALSE,889,"WELL16_2","dfr_multi_criteria","5"
"890",FALSE,890,"WELL16_2","dfr_multi_criteria","5"
"891",FALSE,891,"WELL16_2","dfr_multi_criteria","5"
"892",FALSE,892,"WELL16_2","dfr_multi_criteria","5"
"893",FALSE,893,"WELL16_2","dfr_multi_criteria","5"
"894",FALSE,894,"WELL16_2","dfr_multi_criteria","5"
"895",FALSE,895,"WELL16_2","dfr_multi_criteria","5"
"896",FALSE,896,"WELL16_2","dfr_multi_criteria","5"
"897",FALSE,897,"WELL16_2","dfr_multi_criteria","5"
"898",FALSE,898,"WELL16_2","dfr_multi_criteria","5"
"899",FALSE,899,"WELL16_2","dfr_multi_criteria","5"
"900",FALSE,900,"WELL16_2","dfr_multi_criteria","5"
"901",FALSE,901,"WELL16_2","dfr_multi_criteria","5"
"902",FALSE,902,"WELL16_2","dfr_multi_criteria","5"
"903",FALSE,903,"WELL16_2","dfr_multi_criteria","5"
"904",FALSE,904,"WELL16_2","dfr_multi_criteria","5"
"905",FALSE,905,"WELL16_2","dfr_multi_criteria","5"
"906",FALSE,906,"WELL16_2","dfr_multi_criteria","5"
"907",FALSE,907,"WELL16_2","dfr_multi_criteria","5"
"908",FALSE,908,"WELL16_2","dfr_multi_criteria","5"
"909",FALSE,909,"WELL16_2","dfr_multi_criteria","5"
"910",FALSE,910,"WELL16_2","dfr_multi_criteria","5"
"911",FALSE,911,"WELL16_2","dfr_multi_criteria","5"
"912",FALSE,912,"WELL16_2","dfr_multi_criteria","5"
"913",FALSE,913,"WELL16_2","dfr_multi_criteria","5"
"914",FALSE,914,"WELL16_2","dfr_multi_criteria","5"
"915",FALSE,915,"WELL16_2","dfr_multi_criteria","5"
"916",FALSE,916,"WELL16_2","dfr_multi_criteria","5"
"917",FALSE,917,"WELL16_2","dfr_multi_criteria","5"
"918",FALSE,918,"WELL16_2","dfr_multi_criteria","5"
"919",FALSE,919,"WELL16_2","dfr_multi_criteria","5"
"920",FALSE,920,"WELL16_2","dfr_multi_criteria","5"
"921",FALSE,921,"WELL16_2","dfr_multi_criteria","5"
"922",FALSE,922,"WELL16_2","dfr_multi_criteria","5"
"923",FALSE,923,"WELL16_2","dfr_multi_criteria","5"
"924",FALSE,924,"WELL16_2","dfr_multi_criteria","5"
"925",FALSE,925,"WELL16_2","dfr_multi_criteria","5"
"926",FALSE,926,"WELL16_2","dfr_multi_criteria","5"
"927",FALSE,927,"WELL16_2","dfr_multi_criteria","5"
"928",FALSE,928,"WELL16_2","dfr_multi_criteria","5"
"929",FALSE,929,"WELL16_2","dfr_multi_criteria","5"
"930",FALSE,930,"WELL16_2","dfr_multi_criteria","5"
"931",FALSE,931,"WELL16_2","dfr_multi_criteria","5"
"932",FALSE,932,"WELL16_2","dfr_multi_criteria","5"
"933",FALSE,933,"WELL16_2","dfr_multi_criteria","5"
"934",FALSE,934,"WELL16_2","dfr_multi_criteria","5"
"935",FALSE,935,"WELL16_2","dfr_multi_criteria","5"
"936",FALSE,936,"WELL16_2","dfr_multi_criteria","5"
"937",FALSE,937,"WELL16_2","dfr_multi_criteria","5"
"938",FALSE,938,"WELL16_2","dfr_multi_criteria","5"
"939",FALSE,939,"WELL16_2","dfr_multi_criteria","5"
"940",FALSE,940,"WELL16_2","dfr_multi_criteria","5"
"941",FALSE,941,"WELL16_2","dfr_multi_criteria","5"
"942",FALSE,942,"WELL16_2","dfr_multi_criteria","5"
"943",FALSE,943,"WELL16_2","dfr_multi_criteria","5"
"944",FALSE,944,"WELL16_2","dfr_multi_criteria","5"
"945",FALSE,945,"WELL16_2","dfr_multi_criteria","5"
"946",FALSE,946,"WELL16_2","dfr_multi_criteria","5"
"947",FALSE,947,"WELL16_2","dfr_multi_criteria","5"
"948",FALSE,948,"WELL16_2","dfr_multi_criteria","5"
"949",FALSE,949,"WELL16_2","dfr_multi_criteria","5"
"950",FALSE,950,"WELL16_2","dfr_multi_criteria","5"
"951",FALSE,951,"WELL16_2","dfr_multi_criteria","5"
"952",FALSE,952,"WELL16_2","dfr_multi_criteria","5"
"953",FALSE,953,"WELL16_2","dfr_multi_criteria","5"
"954",FALSE,954,"WELL16_2","dfr_multi_criteria","5"
"955",FALSE,955,"WELL16_2","dfr_multi_criteria","5"
"956",FALSE,956,"WELL16_2","dfr_multi_criteria","5"
"957",FALSE,957,"WELL16_2","dfr_multi_criteria","5"
"958",FALSE,958,"WELL16_2","dfr_multi_criteria","5"
"959",FALSE,959,"WELL16_2","dfr_multi_criteria","5"
"960",FALSE,960,"WELL16_2","dfr_multi_criteria","5"
"961",FALSE,961,"WELL16_2","dfr_multi_criteria","5"
"962",FALSE,962,"WELL16_2","dfr_multi_criteria","5"
"963",FALSE,963,"WELL16_2","dfr_multi_criteria","5"
"964",FALSE,964,"WELL16_2","dfr_multi_criteria","5"
"965",FALSE,965,"WELL16_2","dfr_multi_criteria","5"
"966",FALSE,966,"WELL16_2","dfr_multi_criteria","5"
"967",FALSE,967,"WELL16_2","dfr_multi_criteria","5"
"968",FALSE,968,"WELL16_2","dfr_multi_criteria","5"
"969",FALSE,969,"WELL16_2","dfr_multi_criteria","5"
"970",FALSE,970,"WELL16_2","dfr_multi_criteria","5"
"971",FALSE,971,"WELL16_2","dfr_multi_criteria","5"
"972",FALSE,972,"WELL16_2","dfr_multi_criteria","5"
"973",FALSE,973,"WELL16_2","dfr_multi_criteria","5"
"974",FALSE,974,"WELL16_2","dfr_multi_criteria","5"
"975",FALSE,975,"WELL16_2","dfr_multi_criteria","5"
"976",FALSE,976,"WELL16_2","dfr_multi_criteria","5"
"977",FALSE,977,"WELL16_2","dfr_multi_criteria","5"
"978",FALSE,978,"WELL16_2","dfr_multi_criteria","5"
"979",FALSE,979,"WELL16_2","dfr_multi_criteria","5"
"980",FALSE,980,"WELL16_2","dfr_multi_criteria","5"
"981",FALSE,981,"WELL16_2","dfr_multi_criteria","5"
"982",FALSE,982,"WELL16_2","dfr_multi_criteria","5"
"983",FALSE,983,"WELL16_2","dfr_multi_criteria","5"
"984",FALSE,984,"WELL16_2","dfr_multi_criteria","5"
"985",FALSE,985,"WELL16_2","dfr_multi_criteria","5"
"986",FALSE,986,"WELL16_2","dfr_multi_criteria","5"
"987",FALSE,987,"WELL16_2","dfr_multi_criteria","5"
"988",FALSE,988,"WELL16_2","dfr_multi_criteria","5"
"989",FALSE,989,"WELL16_2","dfr_multi_criteria","5"
"990",FALSE,990,"WELL16_2","dfr_multi_criteria","5"
"991",FALSE,991,"WELL16_2","dfr_multi_criteria","5"
"992",FALSE,992,"WELL16_2","dfr_multi_criteria","5"
"993",FALSE,993,"WELL16_2","dfr_multi_criteria","5"
"994",FALSE,994,"WELL16_2","dfr_multi_criteria","5"
"995",FALSE,995,"WELL16_2","dfr_multi_criteria","5"
"996",FALSE,996,"WELL16_2","dfr_multi_criteria","5"
"997",FALSE,997,"WELL16_2","dfr_multi_criteria","5"
"998",FALSE,998,"WELL16_2","dfr_multi_criteria","5"
"999",FALSE,999,"WELL16_2","dfr_multi_criteria","5"
"1000",FALSE,1000,"WELL16_2","dfr_multi_criteria","5"
"1001",FALSE,1001,"WELL16_2","dfr_multi_criteria","5"
"1002",FALSE,1002,"WELL16_2","dfr_multi_criteria","5"
"1003",FALSE,1003,"WELL16_2","dfr_multi_criteria","5"
"1004",FALSE,1004,"WELL16_2","dfr_multi_criteria","5"
"1005",FALSE,1005,"WELL16_2","dfr_multi_criteria","5"
"1006",FALSE,1006,"WELL16_2","dfr_multi_criteria","5"
"1007",FALSE,1007,"WELL16_2","dfr_multi_criteria","5"
"1008",FALSE,1008,"WELL16_2","dfr_multi_criteria","5"
"1009",FALSE,1009,"WELL16_2","dfr_multi_criteria","5"
"1010",FALSE,1010,"WELL16_2","dfr_multi_criteria","5"
"1011",FALSE,1011,"WELL16_2","dfr_multi_criteria","5"
"1012",FALSE,1012,"WELL16_2","dfr_multi_criteria","5"
"1013",FALSE,1013,"WELL16_2","dfr_multi_criteria","5"
"1014",FALSE,1014,"WELL16_2","dfr_multi_criteria","5"
"1015",FALSE,1015,"WELL16_2","dfr_multi_criteria","5"
"1016",FALSE,1016,"WELL16_2","dfr_multi_criteria","5"
"1017",FALSE,1017,"WELL16_2","dfr_multi_criteria","5"
"1018",FALSE,1018,"WELL16_2","dfr_multi_criteria","5"
"1019",FALSE,1019,"WELL16_2","dfr_multi_criteria","5"
"1020",FALSE,1020,"WELL16_2","dfr_multi_criteria","5"
"1021",FALSE,1021,"WELL16_2","dfr_multi_criteria","5"
"1022",FALSE,1022,"WELL16_2","dfr_multi_criteria","5"
"1023",FALSE,1023,"WELL16_2","dfr_multi_criteria","5"
"1024",FALSE,1024,"WELL16_2","dfr_multi_criteria","5"
"1025",FALSE,1025,"WELL16_2","dfr_multi_criteria","5"
"1026",FALSE,1026,"WELL16_2","dfr_multi_criteria","5"
"1027",FALSE,1027,"WELL16_2","dfr_multi_criteria","5"
"1028",FALSE,1028,"WELL16_2","dfr_multi_criteria","5"
"1029",FALSE,1029,"WELL16_2","dfr_multi_criteria","5"
"1030",FALSE,1030,"WELL16_2","dfr_multi_criteria","5"
"1031",FALSE,1031,"WELL16_2","dfr_multi_criteria","5"
"1032",FALSE,1032,"WELL16_2","dfr_multi_criteria","5"
"1033",FALSE,1033,"WELL16_2","dfr_multi_criteria","5"
"1034",FALSE,1034,"WELL16_2","dfr_multi_criteria","5"
"1035",FALSE,1035,"WELL16_2","dfr_multi_criteria","5"
"1036",FALSE,1036,"WELL16_2","dfr_multi_criteria","5"
"1037",FALSE,1037,"WELL16_2","dfr_multi_criteria","5"
"1038",FALSE,1038,"WELL16_2","dfr_multi_criteria","5"
"1039",FALSE,1039,"WELL16_2","dfr_multi_criteria","5"
"1040",FALSE,1040,"WELL16_2","dfr_multi_criteria","5"
"1041",FALSE,1041,"WELL16_2","dfr_multi_criteria","5"
"1042",FALSE,1042,"WELL16_2","dfr_multi_criteria","5"
"1043",FALSE,1043,"WELL16_2","dfr_multi_criteria","5"
"1044",FALSE,1044,"WELL16_2","dfr_multi_criteria","5"
"1045",FALSE,1045,"WELL16_2","dfr_multi_criteria","5"
"1046",FALSE,1046,"WELL16_2","dfr_multi_criteria","5"
"1047",FALSE,1047,"WELL16_2","dfr_multi_criteria","5"
"1048",FALSE,1048,"WELL16_2","dfr_multi_criteria","5"
"1049",FALSE,1049,"WELL16_2","dfr_multi_criteria","5"
"1050",FALSE,1050,"WELL16_2","dfr_multi_criteria","5"
"1051",FALSE,1051,"WELL16_2","dfr_multi_criteria","5"
"1052",FALSE,1052,"WELL16_2","dfr_multi_criteria","5"
"1053",FALSE,1053,"WELL16_2","dfr_multi_criteria","5"
"1054",FALSE,1054,"WELL16_2","dfr_multi_criteria","5"
"1055",FALSE,1055,"WELL16_2","dfr_multi_criteria","5"
"1056",FALSE,1056,"WELL16_2","dfr_multi_criteria","5"
"1057",FALSE,1057,"WELL16_2","dfr_multi_criteria","5"
"1058",FALSE,1058,"WELL16_2","dfr_multi_criteria","5"
"1059",FALSE,1059,"WELL16_2","dfr_multi_criteria","5"
"1060",FALSE,1060,"WELL16_2","dfr_multi_criteria","5"
"1061",FALSE,1061,"WELL16_2","dfr_multi_criteria","5"
"1062",FALSE,1062,"WELL16_2","dfr_multi_criteria","5"
"1063",FALSE,1063,"WELL16_2","dfr_multi_criteria","5"
"1064",FALSE,1064,"WELL16_2","dfr_multi_criteria","5"
"1065",FALSE,1065,"WELL16_2","dfr_multi_criteria","5"
"1066",FALSE,1066,"WELL16_2","dfr_multi_criteria","5"
"1067",FALSE,1067,"WELL16_2","dfr_multi_criteria","5"
"1068",FALSE,1068,"WELL16_2","dfr_multi_criteria","5"
"1069",FALSE,1069,"WELL16_2","dfr_multi_criteria","5"
"1070",FALSE,1070,"WELL16_2","dfr_multi_criteria","5"
"1071",FALSE,1071,"WELL16_2","dfr_multi_criteria","5"
"1072",FALSE,1072,"WELL16_2","dfr_multi_criteria","5"
"1073",FALSE,1073,"WELL16_2","dfr_multi_criteria","5"
"1074",FALSE,1074,"WELL16_2","dfr_multi_criteria","5"
"1075",FALSE,1075,"WELL16_2","dfr_multi_criteria","5"
"1076",FALSE,1076,"WELL16_2","dfr_multi_criteria","5"
"1077",FALSE,1077,"WELL16_2","dfr_multi_criteria","5"
"1078",FALSE,1078,"WELL16_2","dfr_multi_criteria","5"
"1079",FALSE,1079,"WELL16_2","dfr_multi_criteria","5"
"1080",FALSE,1080,"WELL16_2","dfr_multi_criteria","5"
"1081",FALSE,1081,"WELL16_2","dfr_multi_criteria","5"
"1082",FALSE,1082,"WELL16_2","dfr_multi_criteria","5"
"1083",FALSE,1083,"WELL16_2","dfr_multi_criteria","5"
"1084",FALSE,1084,"WELL16_2","dfr_multi_criteria","5"
"1085",FALSE,1085,"WELL16_2","dfr_multi_criteria","5"
"1086",FALSE,1086,"WELL16_2","dfr_multi_criteria","5"
"1087",FALSE,1087,"WELL16_2","dfr_multi_criteria","5"
"1088",FALSE,1088,"WELL16_2","dfr_multi_criteria","5"
"1089",FALSE,1089,"WELL16_2","dfr_multi_criteria","5"
"1090",FALSE,1090,"WELL16_2","dfr_multi_criteria","5"
"1091",FALSE,1091,"WELL16_2","dfr_multi_criteria","5"
"1092",FALSE,1092,"WELL16_2","dfr_multi_criteria","5"
"1093",FALSE,1093,"WELL16_2","dfr_multi_criteria","5"
"1094",FALSE,1094,"WELL16_2","dfr_multi_criteria","5"
"1095",FALSE,1095,"WELL16_2","dfr_multi_criteria","5"
"1096",FALSE,1096,"WELL16_2","dfr_multi_criteria","5"
"1097",FALSE,1097,"WELL16_2","dfr_multi_criteria","5"
"1098",FALSE,1098,"WELL16_2","dfr_multi_criteria","5"
"1099",FALSE,1099,"WELL16_2","dfr_multi_criteria","5"
"1100",FALSE,1100,"WELL16_2","dfr_multi_criteria","5"
"1101",FALSE,1101,"WELL16_2","dfr_multi_criteria","5"
"1102",FALSE,1102,"WELL16_2","dfr_multi_criteria","5"
"1103",FALSE,1103,"WELL16_2","dfr_multi_criteria","5"
"1104",FALSE,1104,"WELL16_2","dfr_multi_criteria","5"
"1105",FALSE,1105,"WELL16_2","dfr_multi_criteria","5"
"1106",FALSE,1106,"WELL16_2","dfr_multi_criteria","5"
"1107",FALSE,1107,"WELL16_2","dfr_multi_criteria","5"
"1108",FALSE,1108,"WELL16_2","dfr_multi_criteria","5"
"1109",FALSE,1109,"WELL16_2","dfr_multi_criteria","5"
"1110",FALSE,1110,"WELL16_2","dfr_multi_criteria","5"
"1111",FALSE,1111,"WELL16_2","dfr_multi_criteria","5"
"1112",FALSE,1112,"WELL16_2","dfr_multi_criteria","5"
"1113",FALSE,1113,"WELL16_2","dfr_multi_criteria","5"
"1114",FALSE,1114,"WELL16_2","dfr_multi_criteria","5"
"1115",FALSE,1115,"WELL16_2","dfr_multi_criteria","5"
"1116",FALSE,1116,"WELL16_2","dfr_multi_criteria","5"
"1117",FALSE,1117,"WELL16_2","dfr_multi_criteria","5"
"1118",FALSE,1118,"WELL16_2","dfr_multi_criteria","5"
"1119",FALSE,1119,"WELL16_2","dfr_multi_criteria","5"
"1120",FALSE,1120,"WELL16_2","dfr_multi_criteria","5"
"1121",FALSE,1121,"WELL16_2","dfr_multi_criteria","5"
"1122",FALSE,1122,"WELL16_2","dfr_multi_criteria","5"
"1123",FALSE,1123,"WELL16_2","dfr_multi_criteria","5"
"1124",FALSE,1124,"WELL16_2","dfr_multi_criteria","5"
"1125",FALSE,1125,"WELL16_2","dfr_multi_criteria","5"
"1126",FALSE,1126,"WELL16_2","dfr_multi_criteria","5"
"1127",FALSE,1127,"WELL16_2","dfr_multi_criteria","5"
"1128",FALSE,1128,"WELL16_2","dfr_multi_criteria","5"
"1129",FALSE,1129,"WELL16_2","dfr_multi_criteria","5"
"1130",FALSE,1130,"WELL16_2","dfr_multi_criteria","5"
"1131",FALSE,1131,"WELL16_2","dfr_multi_criteria","5"
"1132",FALSE,1132,"WELL16_2","dfr_multi_criteria","5"
"1133",FALSE,1133,"WELL16_2","dfr_multi_criteria","5"
"1134",FALSE,1134,"WELL16_2","dfr_multi_criteria","5"
"1135",FALSE,1135,"WELL16_2","dfr_multi_criteria","5"
"1136",FALSE,1136,"WELL16_2","dfr_multi_criteria","5"
"1137",FALSE,1137,"WELL16_2","dfr_multi_criteria","5"
"1138",FALSE,1138,"WELL16_2","dfr_multi_criteria","5"
"1139",FALSE,1139,"WELL16_2","dfr_multi_criteria","5"
"1140",FALSE,1140,"WELL16_2","dfr_multi_criteria","5"
"1141",FALSE,1141,"WELL16_2","dfr_multi_criteria","5"
"1142",FALSE,1142,"WELL16_2","dfr_multi_criteria","5"
"1143",FALSE,1143,"WELL16_2","dfr_multi_criteria","5"
"1144",FALSE,1144,"WELL16_2","dfr_multi_criteria","5"
"1145",FALSE,1145,"WELL16_2","dfr_multi_criteria","5"
"1146",FALSE,1146,"WELL16_2","dfr_multi_criteria","5"
"1147",FALSE,1147,"WELL16_2","dfr_multi_criteria","5"
"1148",FALSE,1148,"WELL16_2","dfr_multi_criteria","5"
"1149",FALSE,1149,"WELL16_2","dfr_multi_criteria","5"
"1150",FALSE,1150,"WELL16_2","dfr_multi_criteria","5"
"1151",FALSE,1151,"WELL16_2","dfr_multi_criteria","5"
"1152",FALSE,1152,"WELL16_2","dfr_multi_criteria","5"
"1153",FALSE,1153,"WELL16_2","dfr_multi_criteria","5"
"1154",FALSE,1154,"WELL16_2","dfr_multi_criteria","5"
"1155",FALSE,1155,"WELL16_2","dfr_multi_criteria","5"
"1156",FALSE,1156,"WELL16_2","dfr_multi_criteria","5"
"1157",FALSE,1157,"WELL16_2","dfr_multi_criteria","5"
"1158",FALSE,1158,"WELL16_2","dfr_multi_criteria","5"
"1159",FALSE,1159,"WELL16_2","dfr_multi_criteria","5"
"1160",FALSE,1160,"WELL16_2","dfr_multi_criteria","5"
"1161",FALSE,1161,"WELL16_2","dfr_multi_criteria","5"
"1162",FALSE,1162,"WELL16_2","dfr_multi_criteria","5"
"1163",FALSE,1163,"WELL16_2","dfr_multi_criteria","5"
"1164",FALSE,1164,"WELL16_2","dfr_multi_criteria","5"
"1165",FALSE,1165,"WELL16_2","dfr_multi_criteria","5"
"1166",FALSE,1166,"WELL16_2","dfr_multi_criteria","5"
"1167",FALSE,1167,"WELL16_2","dfr_multi_criteria","5"
"1168",FALSE,1168,"WELL16_2","dfr_multi_criteria","5"
"1169",FALSE,1169,"WELL16_2","dfr_multi_criteria","5"
"1170",FALSE,1170,"WELL16_2","dfr_multi_criteria","5"
"1171",FALSE,1171,"WELL16_2","dfr_multi_criteria","5"
"1172",FALSE,1172,"WELL16_2","dfr_multi_criteria","5"
"1173",FALSE,1173,"WELL16_2","dfr_multi_criteria","5"
"1174",FALSE,1174,"WELL16_2","dfr_multi_criteria","5"
"1175",FALSE,1175,"WELL16_2","dfr_multi_criteria","5"
"1176",FALSE,1176,"WELL16_2","dfr_multi_criteria","5"
"1177",FALSE,1177,"WELL16_2","dfr_multi_criteria","5"
"1178",FALSE,1178,"WELL16_2","dfr_multi_criteria","5"
"1179",FALSE,1179,"WELL16_2","dfr_multi_criteria","5"
"1180",FALSE,1180,"WELL16_2","dfr_multi_criteria","5"
"1181",FALSE,1181,"WELL16_2","dfr_multi_criteria","5"
"1182",FALSE,1182,"WELL16_2","dfr_multi_criteria","5"
"1183",FALSE,1183,"WELL16_2","dfr_multi_criteria","5"
"1184",FALSE,1184,"WELL16_2","dfr_multi_criteria","5"
"1185",FALSE,1185,"WELL16_2","dfr_multi_criteria","5"
"1186",FALSE,1186,"WELL16_2","dfr_multi_criteria","5"
"1187",FALSE,1187,"WELL16_2","dfr_multi_criteria","5"
"1188",FALSE,1188,"WELL16_2","dfr_multi_criteria","5"
"1189",FALSE,1189,"WELL16_2","dfr_multi_criteria","5"
"1190",FALSE,1190,"WELL16_2","dfr_multi_criteria","5"
"1191",FALSE,1191,"WELL16_2","dfr_multi_criteria","5"
"1192",FALSE,1192,"WELL16_2","dfr_multi_criteria","5"
"1193",FALSE,1193,"WELL16_2","dfr_multi_criteria","5"
"1194",FALSE,1194,"WELL16_2","dfr_multi_criteria","5"
"1195",FALSE,1195,"WELL16_2","dfr_multi_criteria","5"
"1196",FALSE,1196,"WELL16_2","dfr_multi_criteria","5"
"1197",FALSE,1197,"WELL16_2","dfr_multi_criteria","5"
"1198",FALSE,1198,"WELL16_2","dfr_multi_criteria","5"
"1199",FALSE,1199,"WELL16_2","dfr_multi_criteria","5"
"1200",FALSE,1200,"WELL16_2","dfr_multi_criteria","5"
"1201",FALSE,1201,"WELL16_2","dfr_multi_criteria","5"
"1202",FALSE,1202,"WELL16_2","dfr_multi_criteria","5"
"1203",FALSE,1203,"WELL16_2","dfr_multi_criteria","5"
"1204",FALSE,1204,"WELL16_2","dfr_multi_criteria","5"
"1205",FALSE,1205,"WELL16_2","dfr_multi_criteria","5"
"1206",FALSE,1206,"WELL16_2","dfr_multi_criteria","5"
"1207",FALSE,1207,"WELL16_2","dfr_multi_criteria","5"
"1208",FALSE,1208,"WELL16_2","dfr_multi_criteria","5"
"1209",FALSE,1209,"WELL16_2","dfr_multi_criteria","5"
"1210",FALSE,1210,"WELL16_2","dfr_multi_criteria","5"
"1211",FALSE,1211,"WELL16_2","dfr_multi_criteria","5"
"1212",FALSE,1212,"WELL16_2","dfr_multi_criteria","5"
"1213",FALSE,1213,"WELL16_2","dfr_multi_criteria","5"
"1214",FALSE,1214,"WELL16_2","dfr_multi_criteria","5"
"1215",FALSE,1215,"WELL16_2","dfr_multi_criteria","5"
"1216",FALSE,1216,"WELL16_2","dfr_multi_criteria","5"
"1217",FALSE,1217,"WELL16_2","dfr_multi_criteria","5"
"1218",FALSE,1218,"WELL16_2","dfr_multi_criteria","5"
"1219",FALSE,1219,"WELL16_2","dfr_multi_criteria","5"
"1220",FALSE,1220,"WELL16_2","dfr_multi_criteria","5"
"1221",FALSE,1221,"WELL16_2","dfr_multi_criteria","5"
"1222",FALSE,1222,"WELL16_2","dfr_multi_criteria","5"
"1223",FALSE,1223,"WELL16_2","dfr_multi_criteria","5"
"1224",FALSE,1224,"WELL16_2","dfr_multi_criteria","5"
"1225",FALSE,1225,"WELL16_2","dfr_multi_criteria","5"
"1226",FALSE,1226,"WELL16_2","dfr_multi_criteria","5"
"1227",FALSE,1227,"WELL16_2","dfr_multi_criteria","5"
"1228",FALSE,1228,"WELL16_2","dfr_multi_criteria","5"
"1229",FALSE,1229,"WELL16_2","dfr_multi_criteria","5"
"1230",FALSE,1230,"WELL16_2","dfr_multi_criteria","5"
"1231",FALSE,1231,"WELL16_2","dfr_multi_criteria","5"
"1232",FALSE,1232,"WELL16_2","dfr_multi_criteria","5"
"1233",FALSE,1233,"WELL16_2","dfr_multi_criteria","5"
"1234",FALSE,1234,"WELL16_2","dfr_multi_criteria","5"
"1235",FALSE,1235,"WELL16_2","dfr_multi_criteria","5"
"1236",FALSE,1236,"WELL16_2","dfr_multi_criteria","5"
"1237",FALSE,1237,"WELL16_2","dfr_multi_criteria","5"
"1238",FALSE,1238,"WELL16_2","dfr_multi_criteria","5"
"1239",FALSE,1239,"WELL16_2","dfr_multi_criteria","5"
"1240",FALSE,1240,"WELL16_2","dfr_multi_criteria","5"
"1241",FALSE,1241,"WELL16_2","dfr_multi_criteria","5"
"1242",FALSE,1242,"WELL16_2","dfr_multi_criteria","5"
"1243",FALSE,1243,"WELL16_2","dfr_multi_criteria","5"
"1244",FALSE,1244,"WELL16_2","dfr_multi_criteria","5"
"1245",FALSE,1245,"WELL16_2","dfr_multi_criteria","5"
"1246",FALSE,1246,"WELL16_2","dfr_multi_criteria","5"
"1247",FALSE,1247,"WELL16_2","dfr_multi_criteria","5"
"1248",FALSE,1248,"WELL16_2","dfr_multi_criteria","5"
"1249",FALSE,1249,"WELL16_2","dfr_multi_criteria","5"
"1250",FALSE,1250,"WELL16_2","dfr_multi_criteria","5"
"1251",FALSE,1251,"WELL16_2","dfr_multi_criteria","5"
"1252",FALSE,1252,"WELL16_2","dfr_multi_criteria","5"
"1253",FALSE,1253,"WELL16_2","dfr_multi_criteria","5"
"1254",FALSE,1254,"WELL16_2","dfr_multi_criteria","5"
"1255",FALSE,1255,"WELL16_2","dfr_multi_criteria","5"
"1256",FALSE,1256,"WELL16_2","dfr_multi_criteria","5"
"1257",FALSE,1257,"WELL16_2","dfr_multi_criteria","5"
"1258",FALSE,1258,"WELL16_2","dfr_multi_criteria","5"
"1259",FALSE,1259,"WELL16_2","dfr_multi_criteria","5"
"1260",FALSE,1260,"WELL16_2","dfr_multi_criteria","5"
"1261",FALSE,1261,"WELL16_2","dfr_multi_criteria","5"
"1262",FALSE,1262,"WELL16_2","dfr_multi_criteria","5"
"1263",FALSE,1263,"WELL16_2","dfr_multi_criteria","5"
"1264",FALSE,1264,"WELL16_2","dfr_multi_criteria","5"
"1265",FALSE,1265,"WELL16_2","dfr_multi_criteria","5"
"1266",FALSE,1266,"WELL16_2","dfr_multi_criteria","5"
"1267",FALSE,1267,"WELL16_2","dfr_multi_criteria","5"
"1268",FALSE,1268,"WELL16_2","dfr_multi_criteria","5"
"1269",FALSE,1269,"WELL16_2","dfr_multi_criteria","5"
"1270",FALSE,1270,"WELL16_2","dfr_multi_criteria","5"
"1271",FALSE,1271,"WELL16_2","dfr_multi_criteria","5"
"1272",FALSE,1272,"WELL16_2","dfr_multi_criteria","5"
"1273",FALSE,1273,"WELL16_2","dfr_multi_criteria","5"
"1274",FALSE,1274,"WELL16_2","dfr_multi_criteria","5"
"1275",FALSE,1275,"WELL16_2","dfr_multi_criteria","5"
"1276",FALSE,1276,"WELL16_2","dfr_multi_criteria","5"
"1277",FALSE,1277,"WELL16_2","dfr_multi_criteria","5"
"1278",FALSE,1278,"WELL16_2","dfr_multi_criteria","5"
"1279",FALSE,1279,"WELL16_2","dfr_multi_criteria","5"
"1280",FALSE,1280,"WELL16_2","dfr_multi_criteria","5"
"1281",FALSE,1281,"WELL16_2","dfr_multi_criteria","5"
"1282",FALSE,1282,"WELL16_2","dfr_multi_criteria","5"
"1283",FALSE,1283,"WELL16_2","dfr_multi_criteria","5"
"1284",FALSE,1284,"WELL16_2","dfr_multi_criteria","5"
"1285",FALSE,1285,"WELL16_2","dfr_multi_criteria","5"
"1286",FALSE,1286,"WELL16_2","dfr_multi_criteria","5"
"1287",FALSE,1287,"WELL16_2","dfr_multi_criteria","5"
"1288",FALSE,1288,"WELL16_2","dfr_multi_criteria","5"
"1289",FALSE,1289,"WELL16_2","dfr_multi_criteria","5"
"1290",FALSE,1290,"WELL16_2","dfr_multi_criteria","5"
"1291",FALSE,1291,"WELL16_2","dfr_multi_criteria","5"
"1292",FALSE,1292,"WELL16_2","dfr_multi_criteria","5"
"1293",FALSE,1293,"WELL16_2","dfr_multi_criteria","5"
"1294",FALSE,1294,"WELL16_2","dfr_multi_criteria","5"
"1295",FALSE,1295,"WELL16_2","dfr_multi_criteria","5"
"1296",FALSE,1296,"WELL16_2","dfr_multi_criteria","5"
"1297",FALSE,1297,"WELL16_2","dfr_multi_criteria","5"
"1298",FALSE,1298,"WELL16_2","dfr_multi_criteria","5"
"1299",FALSE,1299,"WELL16_2","dfr_multi_criteria","5"
"1300",FALSE,1300,"WELL16_2","dfr_multi_criteria","5"
"1301",FALSE,1301,"WELL16_2","dfr_multi_criteria","5"
"1302",FALSE,1302,"WELL16_2","dfr_multi_criteria","5"
"1303",FALSE,1303,"WELL16_2","dfr_multi_criteria","5"
"1304",FALSE,1304,"WELL16_2","dfr_multi_criteria","5"
"1305",FALSE,1305,"WELL16_2","dfr_multi_criteria","5"
"1306",FALSE,1306,"WELL16_2","dfr_multi_criteria","5"
"1307",FALSE,1307,"WELL16_2","dfr_multi_criteria","5"
"1308",FALSE,1308,"WELL16_2","dfr_multi_criteria","5"
"1309",FALSE,1309,"WELL16_2","dfr_multi_criteria","5"
"1310",FALSE,1310,"WELL16_2","dfr_multi_criteria","5"
"1311",FALSE,1311,"WELL16_2","dfr_multi_criteria","5"
"1312",FALSE,1312,"WELL16_2","dfr_multi_criteria","5"
"1313",FALSE,1313,"WELL16_2","dfr_multi_criteria","5"
"1314",FALSE,1314,"WELL16_2","dfr_multi_criteria","5"
"1315",FALSE,1315,"WELL16_2","dfr_multi_criteria","5"
"1316",FALSE,1316,"WELL16_2","dfr_multi_criteria","5"
"1317",FALSE,1317,"WELL16_2","dfr_multi_criteria","5"
"1318",FALSE,1318,"WELL16_2","dfr_multi_criteria","5"
"1319",FALSE,1319,"WELL16_2","dfr_multi_criteria","5"
"1320",FALSE,1320,"WELL16_2","dfr_multi_criteria","5"
"1321",FALSE,1321,"WELL16_2","dfr_multi_criteria","5"
"1322",FALSE,1322,"WELL16_2","dfr_multi_criteria","5"
"1323",FALSE,1323,"WELL16_2","dfr_multi_criteria","5"
"1324",FALSE,1324,"WELL16_2","dfr_multi_criteria","5"
"1325",FALSE,1325,"WELL16_2","dfr_multi_criteria","5"
"1326",FALSE,1326,"WELL16_2","dfr_multi_criteria","5"
"1327",FALSE,1327,"WELL16_2","dfr_multi_criteria","5"
"1328",FALSE,1328,"WELL16_2","dfr_multi_criteria","5"
"1329",FALSE,1329,"WELL16_2","dfr_multi_criteria","5"
"1330",FALSE,1330,"WELL16_2","dfr_multi_criteria","5"
"1331",FALSE,1331,"WELL16_2","dfr_multi_criteria","5"
"1332",FALSE,1332,"WELL16_2","dfr_multi_criteria","5"
"1333",FALSE,1333,"WELL16_2","dfr_multi_criteria","5"
"1334",FALSE,1334,"WELL16_2","dfr_multi_criteria","5"
"1335",FALSE,1335,"WELL16_2","dfr_multi_criteria","5"
"1336",FALSE,1336,"WELL16_2","dfr_multi_criteria","5"
"1337",FALSE,1337,"WELL16_2","dfr_multi_criteria","5"
"1338",FALSE,1338,"WELL16_2","dfr_multi_criteria","5"
"1339",FALSE,1339,"WELL16_2","dfr_multi_criteria","5"
"1340",FALSE,1340,"WELL16_2","dfr_multi_criteria","5"
"1341",FALSE,1341,"WELL16_2","dfr_multi_criteria","5"
"1342",FALSE,1342,"WELL16_2","dfr_multi_criteria","5"
"1343",FALSE,1343,"WELL16_2","dfr_multi_criteria","5"
"1344",FALSE,1344,"WELL16_2","dfr_multi_criteria","5"
"1345",FALSE,1345,"WELL16_2","dfr_multi_criteria","5"
"1346",FALSE,1346,"WELL16_2","dfr_multi_criteria","5"
"1347",FALSE,1347,"WELL16_2","dfr_multi_criteria","5"
"1348",FALSE,1348,"WELL16_2","dfr_multi_criteria","5"
"1349",FALSE,1349,"WELL16_2","dfr_multi_criteria","5"
"1350",FALSE,1350,"WELL16_2","dfr_multi_criteria","5"
"1351",FALSE,1351,"WELL16_2","dfr_multi_criteria","5"
"1352",FALSE,1352,"WELL16_2","dfr_multi_criteria","5"
"1353",FALSE,1353,"WELL16_2","dfr_multi_criteria","5"
"1354",FALSE,1354,"WELL16_2","dfr_multi_criteria","5"
"1355",FALSE,1355,"WELL16_2","dfr_multi_criteria","5"
"1356",FALSE,1356,"WELL16_2","dfr_multi_criteria","5"
"1357",FALSE,1357,"WELL16_2","dfr_multi_criteria","5"
"1358",FALSE,1358,"WELL16_2","dfr_multi_criteria","5"
"1359",FALSE,1359,"WELL16_2","dfr_multi_criteria","5"
"1360",FALSE,1360,"WELL16_2","dfr_multi_criteria","5"
"1361",FALSE,1361,"WELL16_2","dfr_multi_criteria","5"
"1362",FALSE,1362,"WELL16_2","dfr_multi_criteria","5"
"1363",FALSE,1363,"WELL16_2","dfr_multi_criteria","5"
"1364",FALSE,1364,"WELL16_2","dfr_multi_criteria","5"
"1365",FALSE,1365,"WELL16_2","dfr_multi_criteria","5"
"1366",FALSE,1366,"WELL16_2","dfr_multi_criteria","5"
"1367",FALSE,1367,"WELL16_2","dfr_multi_criteria","5"
"1368",FALSE,1368,"WELL16_2","dfr_multi_criteria","5"
"1369",FALSE,1369,"WELL16_2","dfr_multi_criteria","5"
"1370",FALSE,1370,"WELL16_2","dfr_multi_criteria","5"
"1371",FALSE,1371,"WELL16_2","dfr_multi_criteria","5"
"1372",FALSE,1372,"WELL16_2","dfr_multi_criteria","5"
"1373",FALSE,1373,"WELL16_2","dfr_multi_criteria","5"
"1374",FALSE,1374,"WELL16_2","dfr_multi_criteria","5"
"1375",FALSE,1375,"WELL16_2","dfr_multi_criteria","5"
"1376",FALSE,1376,"WELL16_2","dfr_multi_criteria","5"
"1377",FALSE,1377,"WELL16_2","dfr_multi_criteria","5"
"1378",FALSE,1378,"WELL16_2","dfr_multi_criteria","5"
"1379",FALSE,1379,"WELL16_2","dfr_multi_criteria","5"
"1380",FALSE,1380,"WELL16_2","dfr_multi_criteria","5"
"1381",FALSE,1381,"WELL16_2","dfr_multi_criteria","5"
"1382",FALSE,1382,"WELL16_2","dfr_multi_criteria","5"
"1383",FALSE,1383,"WELL16_2","dfr_multi_criteria","5"
"1384",FALSE,1384,"WELL16_2","dfr_multi_criteria","5"
"1385",FALSE,1385,"WELL16_2","dfr_multi_criteria","5"
"1386",FALSE,1386,"WELL16_2","dfr_multi_criteria","5"
"1387",FALSE,1387,"WELL16_2","dfr_multi_criteria","5"
"1388",FALSE,1388,"WELL16_2","dfr_multi_criteria","5"
"1389",FALSE,1389,"WELL16_2","dfr_multi_criteria","5"
"1390",FALSE,1390,"WELL16_2","dfr_multi_criteria","5"
"1391",FALSE,1391,"WELL16_2","dfr_multi_criteria","5"
"1392",FALSE,1392,"WELL16_2","dfr_multi_criteria","5"
"1393",FALSE,1393,"WELL16_2","dfr_multi_criteria","5"
"1394",FALSE,1394,"WELL16_2","dfr_multi_criteria","5"
"1395",FALSE,1395,"WELL16_2","dfr_multi_criteria","5"
"1396",FALSE,1396,"WELL16_2","dfr_multi_criteria","5"
"1397",FALSE,1397,"WELL16_2","dfr_multi_criteria","5"
"1398",FALSE,1398,"WELL16_2","dfr_multi_criteria","5"
"1399",FALSE,1399,"WELL16_2","dfr_multi_criteria","5"
"1400",FALSE,1400,"WELL16_2","dfr_multi_criteria","5"
"1401",FALSE,1401,"WELL16_2","dfr_multi_criteria","5"
"1402",FALSE,1402,"WELL16_2","dfr_multi_criteria","5"
"1403",FALSE,1403,"WELL16_2","dfr_multi_criteria","5"
"1404",FALSE,1404,"WELL16_2","dfr_multi_criteria","5"
"1405",FALSE,1405,"WELL16_2","dfr_multi_criteria","5"
"1406",FALSE,1406,"WELL16_2","dfr_multi_criteria","5"
"1407",FALSE,1407,"WELL16_2","dfr_multi_criteria","5"
"1408",FALSE,1408,"WELL16_2","dfr_multi_criteria","5"
"1409",FALSE,1409,"WELL16_2","dfr_multi_criteria","5"
"1410",FALSE,1410,"WELL16_2","dfr_multi_criteria","5"
"1411",FALSE,1411,"WELL16_2","dfr_multi_criteria","5"
"1412",FALSE,1412,"WELL16_2","dfr_multi_criteria","5"
"1413",FALSE,1413,"WELL16_2","dfr_multi_criteria","5"
"1414",FALSE,1414,"WELL16_2","dfr_multi_criteria","5"
"1415",FALSE,1415,"WELL16_2","dfr_multi_criteria","5"
"1416",FALSE,1416,"WELL16_2","dfr_multi_criteria","5"
"1417",FALSE,1417,"WELL16_2","dfr_multi_criteria","5"
"1418",FALSE,1418,"WELL16_2","dfr_multi_criteria","5"
"1419",FALSE,1419,"WELL16_2","dfr_multi_criteria","5"
"1420",FALSE,1420,"WELL16_2","dfr_multi_criteria","5"
"1421",FALSE,1421,"WELL16_2","dfr_multi_criteria","5"
"1422",FALSE,1422,"WELL16_2","dfr_multi_criteria","5"
"1423",FALSE,1423,"WELL16_2","dfr_multi_criteria","5"
"1424",FALSE,1424,"WELL16_2","dfr_multi_criteria","5"
"1425",FALSE,1425,"WELL16_2","dfr_multi_criteria","5"
"1426",FALSE,1426,"WELL16_2","dfr_multi_criteria","5"
"1427",FALSE,1427,"WELL16_2","dfr_multi_criteria","5"
"1428",FALSE,1428,"WELL16_2","dfr_multi_criteria","5"
"1429",FALSE,1429,"WELL16_2","dfr_multi_criteria","5"
"1430",FALSE,1430,"WELL16_2","dfr_multi_criteria","5"
"1431",FALSE,1431,"WELL16_2","dfr_multi_criteria","5"
"1432",FALSE,1432,"WELL16_2","dfr_multi_criteria","5"
"1433",FALSE,1433,"WELL16_2","dfr_multi_criteria","5"
"1434",FALSE,1434,"WELL16_2","dfr_multi_criteria","5"
"1435",FALSE,1435,"WELL16_2","dfr_multi_criteria","5"
"1436",FALSE,1436,"WELL16_2","dfr_multi_criteria","5"
"1437",FALSE,1437,"WELL16_2","dfr_multi_criteria","5"
"1438",FALSE,1438,"WELL16_2","dfr_multi_criteria","5"
